id,name,ministry,department,description,benefitType,benefitAmount,benefitDescription,minAge,maxAge,gender,maxAnnualIncome,incomeCategoryAllowed,casteCategoryAllowed,employmentTypes,mustBeDisabled,mustBeWidow,mustBeStudent,mustBeFarmer,mustBeSeniorCitizen,mustHaveRationCard,isMinority,documentsRequired,schemeLevel,applicationLink
pm-kisan-samman-nidhi,""Pradhan Mantri Kisan Samman Nidhi"",Ministry of Agriculture and Farmers Welfare,Department of Agriculture and Farmers Welfare,""Income support to landholding farmer families for agricultural inputs"",subsidy,6000,""INR 6000 per year in three equal installments of 2000 each"",18,,any,,,,,farmer,false,false,false,true,false,false,false,Aadhaar Card|Land Records|Bank Passbook|Mobile Number,central,https://pmkisan.gov.in/
ayushman-bharat-pm-jay,""Ayushman Bharat - Pradhan Mantri Jan Arogya Yojana"",Ministry of Health and Family Welfare,National Health Authority,""World's largest health assurance scheme providing secondary and tertiary care hospitalization"",healthcare,500000,""Health cover of INR 5 lakh per family per year"",,,any,,BPL|LIG,,,false,false,false,false,false,false,false,Aadhaar Card|Ration Card|Income Certificate,central,https://setu.pmjay.gov.in/setu/
pm-awas-yojana-urban,""Pradhan Mantri Awas Yojana - Urban"",Ministry of Housing and Urban Affairs,,Provide all-weather pucca houses to all eligible beneficiaries in urban areas,housing,,Interest subsidy on home loans or direct financial assistance,18,,any,1800000,EWS|LIG|MIG,,,false,false,false,false,false,false,false,Aadhaar Card|Voter ID|Income Certificate|Affidavit of not owning pucca house,central,https://pmay-urban.gov.in/
pm-awas-yojana-gramin,""Pradhan Mantri Awas Yojana - Gramin"",Ministry of Rural Development,Department of Rural Development,""Financial assistance to rural BPL families for construction of pucca houses"",housing,120000,""INR 1.2 Lakh in plains and 1.3 Lakh in hilly/difficult areas"",18,,any,,BPL,,,false,false,false,false,false,false,false,Aadhaar Card|MGNREGA Job Card|Bank Account|Socio-Economic Caste Census ID,central,https://pmayg.nic.in/
atal-pension-yojana,Atal Pension Yojana,Ministry of Finance,Department of Financial Services,""Pension scheme focused on the unorganized sector workers"",pension,3000,""Monthly guaranteed pension of INR 1000 to 5000 based on contribution"",18,40,any,,,,,false,false,false,false,false,false,false,Aadhaar Card|Savings Bank Account|Mobile Number,central,https://www.npscra.nsdl.co.in/scheme-details.php
pm-jeevan-jyoti-bima,""Pradhan Mantri Jeevan Jyoti Bima Yojana"",Ministry of Finance,Department of Financial Services,""One-year life insurance scheme renewable from year to year"",insurance,200000,""INR 2 Lakh in case of death due to any cause"",18,50,any,,,,,false,false,false,false,false,false,false,Aadhaar Card|Bank Account|Consent for Auto-debit,central,https://www.jansuraksha.gov.in/
pm-suraksha-bima,""Pradhan Mantri Suraksha Bima Yojana"",Ministry of Finance,Department of Financial Services,""Accident insurance scheme offering protection against death or disability"",insurance,200000,""INR 2 Lakh for accidental death or total disability; 1 Lakh for partial disability"",18,70,any,,,,,false,false,false,false,false,false,false,Aadhaar Card|Bank Account|Mobile Number,central,https://www.jansuraksha.gov.in/
pm-shram-yogi-maan-dhan,""Pradhan Mantri Shram Yogi Maan-Dhan"",Ministry of Labour and Employment,,""Pension scheme for unorganized workers like street vendors, rickshaw pullers"",pension,3000,""Assured monthly pension of INR 3000 after attaining age 60"",18,40,any,180000,,,,false,false,false,false,false,false,false,Aadhaar Card|Savings Bank Account|IFSC Code,central,https://maandhan.in/
sukanya-samriddhi-yojana,Sukanya Samriddhi Yojana,Ministry of Finance,Department of Economic Affairs,""Small deposit scheme for the girl child as part of Beti Bachao Beti Padhao campaign"",other,,High-interest savings account for education and marriage of girl child,0,10,female,,,,,false,false,false,false,false,false,false,Birth Certificate of Girl Child|Aadhaar of Parent|Address Proof,central,https://www.indiapost.gov.in/Financial/Pages/Content/Post-Office-Saving-Schemes.aspx
pm-mudra-yojana,Pradhan Mantri Mudra Yojana,Ministry of Finance,Department of Financial Services,""Loans to non-corporate, non-farm small/micro enterprises"",loan,1000000,""Collateral-free loans up to 10 Lakh in three categories: Shishu, Kishor, Tarun"",18,,any,,,,,false,false,false,false,false,false,false,Business Plan|Identity Proof|Address Proof|Category Certificate,central,https://www.mudra.org.in/
pm-svanidhi,""Pradhan Mantri Street Vendor’s AtmaNirbhar Nidhi"",Ministry of Housing and Urban Affairs,,Working capital loan to street vendors to resume livelihoods post-pandemic,loan,50000,""Collateral-free working capital loan starting with 10000 up to 50000"",18,,any,,,,,false,false,false,false,false,false,false,Aadhaar Card|Voter ID|Certificate of Vending|Letter of Recommendation,central,https://pmsvanidhi.mohua.gov.in/
pm-ujjwala-yojana,Pradhan Mantri Ujjwala Yojana,Ministry of Petroleum and Natural Gas,,""Providing LPG connections to women from below poverty line (BPL) households"",subsidy,1600,""Free LPG connection with first refill and stove for free"",18,,female,,BPL|SC|ST|AAY,,,false,false,false,false,false,true,false,BPL Certificate|Ration Card|Aadhaar Card|Bank Account,central,https://www.pmuy.gov.in/
pm-matru-vandana-yojana,Pradhan Mantri Matru Vandana Yojana,Ministry of Women and Child Development,,""Maternity benefit for pregnant and lactating mothers for the first child"",subsidy,5000,""INR 5000 in three installments for nutrition and health seeking behavior"",19,,female,,,,,false,false,false,false,false,false,false,Aadhaar Card|MCP Card|Bank Passbook|Identity Proof,central,https://pmmvy.nic.in/
pm-kisan-maan-dhan,""Pradhan Mantri Kisan Maan-Dhan Yojana"",Ministry of Agriculture and Farmers Welfare,Department of Agriculture and Farmers Welfare,Old age protection and social security for Small and Marginal Farmers (SMF),pension,3000,""Monthly pension of INR 3000 upon reaching 60 years"",18,40,any,,,,,farmer,false,false,false,true,false,false,false,Aadhaar Card|Bank Account|Landholding documents,central,https://maandhan.in/
pm-kaushal-vikas-yojana,Pradhan Mantri Kaushal Vikas Yojana,Ministry of Skill Development and Entrepreneurship,National Skill Development Corporation,Skill certification scheme to enable youth to take up industry-relevant training,employment,,Free short-term skill training and certification,15,45,any,,,,,false,false,false,false,false,false,false,Aadhaar Card|Voter ID|Educational Certificates,central,https://www.pmkvyofficial.org/
mgnrega,""Mahatma Gandhi National Rural Employment Guarantee Act"",Ministry of Rural Development,Department of Rural Development,Guarantee of 100 days of wage employment in a financial year to a rural household,employment,,Guaranteed wage employment at notified state wage rates,18,,any,,,,,false,false,false,false,false,false,false,Job Card|Aadhaar Card|Bank Account,central,https://nrega.nic.in/
pm-poshan-shakti-nirman,PM POSHAN (Mid Day Meal Scheme),Ministry of Education,Department of School Education and Literacy,Provision of hot cooked meal to school children to improve nutritional status,healthcare,,One hot cooked meal per day in government and government-aided schools,6,14,any,,,,,false,false,true,false,false,false,false,School Enrollment Proof,central,https://pmposhan.education.gov.in/
national-social-assistance-programme,National Social Assistance Programme,Ministry of Rural Development,Department of Rural Development,""Financial assistance to elderly, widows and persons with disabilities"",pension,500,""Monthly pension ranging from INR 200 to 500 depending on category"",60,,any,,BPL,,,true,true,false,false,true,false,false,BPL Card|Aadhaar Card|Age Proof|Disability Certificate,central,https://nsap.nic.in/
pm-jan-dhan-yojana,Pradhan Mantri Jan Dhan Yojana,Ministry of Finance,Department of Financial Services,National Mission for Financial Inclusion to ensure access to financial services,other,,Savings account with no minimum balance and INR 10000 overdraft facility,10,,any,,,,,false,false,false,false,false,false,false,Aadhaar Card|Voter ID|Driving License|PAN Card,central,https://pmjdy.gov.in/
pm-fasal-bima-yojana,Pradhan Mantri Fasal Bima Yojana,Ministry of Agriculture and Farmers Welfare,,""Crop insurance against non-preventable natural risks from pre-sowing to post-harvest"",insurance,,Insurance cover for crops with low premium (1.5% to 5%),18,,any,,,,,farmer,false,false,false,true,false,false,false,Land Records|Sowing Certificate|Aadhaar Card|Bank Account,central,https://pmfby.gov.in/
stand-up-india,Stand Up India Scheme,Ministry of Finance,Department of Financial Services,Facilitate bank loans to SC/ST and Women entrepreneurs for greenfield enterprises,loan,10000000,""Loans between 10 Lakh and 1 Crore for setting up manufacturing or services unit"",18,,any,,,,,false,false,false,false,false,false,false,Caste Certificate|Business Plan|Identity Proof|Address Proof,central,https://www.standupmitra.in/
soil-health-card-scheme,Soil Health Card Scheme,Ministry of Agriculture and Farmers Welfare,Department of Agriculture and Farmers Welfare,Providing information to farmers on nutrient status of their soil along with recommendations,other,,Soil health card with dosage recommendations for 12 parameters,,,any,,,,,farmer,false,false,false,true,false,false,false,Soil Sample|Aadhaar Card|Land Details,central,https://soilhealth.dac.gov.in/
pm-krishi-sinchai-yojana,Pradhan Mantri Krishi Sinchai Yojana,Ministry of Agriculture and Farmers Welfare,,""Motto of 'Har Khet Ko Pani' and 'Per Drop More Crop' for irrigation"",subsidy,,Financial assistance for micro-irrigation systems and water management,18,,any,,,,,farmer,false,false,false,true,false,false,false,Land Records|Aadhaar Card|Bank Passbook,central,https://pmksy.gov.in/
e-nam,National Agriculture Market (e-NAM),Ministry of Agriculture and Farmers Welfare,,""Pan-India electronic trading portal networking the existing APMC mandis"",other,,Online trading platform for agricultural commodities with better price discovery,,,any,,,,,farmer,false,false,false,true,false,false,false,Aadhaar Card|Mandi Registration|Bank Account,central,https://www.enam.gov.in/
namo-drone-didi,Namo Drone Didi Scheme,Ministry of Agriculture and Farmers Welfare,,Providing drones to 15000 selected Women Self Help Groups for rental services,other,,Drones for agricultural purposes like fertilizer and pesticide application,18,,female,,,,,false,false,false,false,false,false,false,SHG Membership Proof|Aadhaar Card|Bank Account,central,https://www.myscheme.gov.in/schemes/ndds
pm-vishwakarma,PM Vishwakarma Scheme,Ministry of Micro Small and Medium Enterprises,,Support for traditional artisans and craftspeople in 18 trades,other,300000,""Collateral-free credit, skill training, and toolkit incentive of 15000"",18,,any,,,,,false,false,false,false,false,false,false,Artisan ID|Aadhaar Card|Bank Account,central,https://pmvishwakarma.gov.in/
pm-surya-ghar-muft-bijli,""PM Surya Ghar: Muft Bijli Yojana"",Ministry of New and Renewable Energy,,Providing free electricity to households by installing rooftop solar systems,subsidy,78000,""Subsidy for solar plants up to 3kW and 300 units free electricity monthly"",18,,any,,,,,false,false,false,false,false,false,false,Electricity Bill|Consumer Number|Aadhaar Card|Land Ownership,central,https://pmsuryaghar.gov.in/
pm-vidyalaxmi,PM Vidyalaxmi Scheme,Ministry of Education,Department of Higher Education,Financial support to meritorious students for higher education in top institutions,loan,1000000,""Collateral-free and guarantor-free loans with 75% credit guarantee"",18,,any,800000,,,,false,false,true,false,false,false,false,Admission Letter|Fee Structure|Aadhaar Card|Income Proof,central,https://www.vidyalaxmi.co.in/
pm-internship-scheme,PM Internship Scheme,Ministry of Corporate Affairs,,Internship opportunities for youth in top 500 companies in India,employment,60000,""Monthly stipend of 5000 and one-time assistance of 6000"",21,24,any,800000,APL|MIG|LIG|EWS|BPL,,,false,false,false,false,false,false,false,Educational Qualification|Aadhaar Card|PAN Card,central,https://pminternship.mca.gov.in/
nps-vatsalya,NPS Vatsalya,Ministry of Finance,Pension Fund Regulatory and Development Authority,Pension scheme for minors allowing parents to build a retirement corpus,pension,,Contribution-based pension account for minors to be transitioned at 18,0,18,any,,,,,false,false,false,false,false,false,false,Minor's Birth Certificate|Parent's Aadhaar|Parent's Bank Details,central,https://www.npscra.nsdl.co.in/
pm-cares-for-children,PM CARES for Children Scheme,Ministry of Women and Child Development,,Support for children who lost both parents or legal guardians to COVID-19,other,1000000,""Corpus of 10 Lakh, monthly stipend from age 18, and lump sum at 23"",0,18,any,,,,,false,false,true,false,false,false,false,Death Certificates of Parents|Aadhaar of Child|Bank Account,central,https://pmcaresforchildren.in/
pm-garib-kalyan-anna-yojana,Pradhan Mantri Garib Kalyan Anna Yojana,Ministry of Consumer Affairs Food and Public Distribution,Department of Food and Public Distribution,Provision of free food grains to the poor to ensure food security,subsidy,,5 kg of free food grains per person per month to NFSA beneficiaries,,,any,,BPL|AAY,,,false,false,false,false,false,true,false,Ration Card|Aadhaar Card,central,https://nfsa.gov.in/
pm-janjatiya-unnat-gram,""Pradhan Mantri Janjatiya Unnat Gram Abhiyan"",Ministry of Tribal Affairs,,Improving the socio-economic condition of tribal-dominated villages,other,,Saturation of critical infrastructure and services in tribal villages,,,any,,,,,false,false,false,false,false,false,false,ST Certificate|Aadhaar Card|Residence Proof,central,https://tribal.nic.in/
rashtriya-krishi-vikas-yojana,Rashtriya Krishi Vikas Yojana (RKVY),Ministry of Agriculture and Farmers Welfare,,Holistic development of agriculture and allied sectors through state-specific plans,subsidy,,Funding for infrastructure and productivity enhancement projects,,,any,,,,,farmer,false,false,false,true,false,false,false,Project Report|Land Details|Aadhaar Card,central,https://rkvy.nic.in/
national-food-security-mission,National Food Security Mission (NFSM),Ministry of Agriculture and Farmers Welfare,,Increasing production of rice wheat pulses coarse cereals and oilseeds,subsidy,,Financial assistance for seeds and technology demonstrations,,,any,,,,,farmer,false,false,false,true,false,false,false,Farmer Registration|Aadhaar Card,central,https://www.nfsm.gov.in/
miss-interest-subvention,Modified Interest Subvention Scheme (MISS),Ministry of Agriculture and Farmers Welfare,,Short term crop loans to farmers at subsidized interest rates,subsidy,,Interest subvention of 2% and additional 3% for prompt repayment,,,any,,,,,farmer,false,false,false,true,false,false,false,Kisan Credit Card|Bank Passbook|Land Records,central,https://agriwelfare.gov.in/
agriculture-infrastructure-fund,Agriculture Infrastructure Fund (AIF),Ministry of Agriculture and Farmers Welfare,,Medium-long term debt financing facility for post-harvest management,loan,,Interest subvention of 3% per annum for loans up to 2 Crore,18,,any,,,,,farmer,false,false,false,true,false,false,false,Project Report|Aadhaar Card|PAN Card|Bank Statements,central,https://agriinfra.dac.gov.in/
pm-annadata-aay-sanrakshan,""Pradhan Mantri Annadata Aay SanraksHan Abhiyan (PM-AASHA)"",Ministry of Agriculture and Farmers Welfare,,Ensuring remunerative prices to farmers for their produce,subsidy,,Price Support Scheme (PSS) and Price Deficiency Payment Scheme (PDPS),,,any,,,,,farmer,false,false,false,true,false,false,false,Farmer ID|Mandi Receipt|Aadhaar Card,central,https://pmaasha.gov.in/
paramparagat-krishi-vikas,Paramparagat Krishi Vikas Yojana (PKVY),Ministry of Agriculture and Farmers Welfare,,Promotion of organic farming through cluster approach and PGS certification,subsidy,50000,""INR 50000 per hectare for 3 years for organic inputs and marketing"",,,any,,,,,farmer,false,false,false,true,false,false,false,Cluster Registration|Aadhaar Card|Land Records,central,https://pgsindia-ncof.gov.in/pkvy/index.aspx
mission-indradhanush,Mission Indradhanush,Ministry of Health and Family Welfare,,Full immunization coverage for all children and pregnant women,healthcare,,Free vaccines for 12 vaccine-preventable diseases,0,2,any,,,,,false,false,false,false,false,false,false,Vaccination Card|Aadhaar Card of Parent,central,https://www.nhp.gov.in/mission-indradhanush_pg
pm-swasthya-suraksha,Pradhan Mantri Swasthya Suraksha Yojana (PMSSY),Ministry of Health and Family Welfare,,Correcting regional imbalances in the availability of tertiary healthcare,healthcare,,Establishment of AIIMS-like institutions and upgradation of colleges,,,any,,,,,false,false,false,false,false,false,false,Referral from Gov Hospital|Identity Proof,central,https://pmssy.mohfw.gov.in/
pm-surakshit-matritva,""Pradhan Mantri Surakshit Matritva Abhiyan (PMSMA)"",Ministry of Health and Family Welfare,,Free health check-ups for pregnant women on the 9th of every month,healthcare,,Free antenatal care services including diagnostics in 2nd/3rd trimester,,,female,,,,,false,false,false,false,false,false,false,MCP Card|Aadhaar Card,central,https://pmsma.mohfw.gov.in/
national-aids-control,National AIDS Control Programme,Ministry of Health and Family Welfare,National AIDS Control Organisation,Prevention and control of HIV/AIDS in India,healthcare,,Free ART treatment and counseling services,,,any,,,,,false,false,false,false,false,false,false,Medical Reports,central,https://naco.gov.in/
janani-suraksha-yojana,Janani Suraksha Yojana (JSY),Ministry of Health and Family Welfare,,Safe motherhood intervention to promote institutional delivery,subsidy,1400,""Cash incentive for institutional delivery (varies by state)"",19,,female,,BPL|SC|ST,,,false,false,false,false,false,false,false,Aadhaar Card|MCP Card|BPL Certificate|Bank Details,central,https://nhm.gov.in/index1.php?lang=1&level=3&sublinkid=841&lid=309
janani-shishu-suraksha,Janani Shishu Suraksha Karyakram (JSSK),Ministry of Health and Family Welfare,,Entitlements for pregnant women and sick infants for free treatment,healthcare,,Zero expense delivery and free treatment for infants up to 1 year,,,any,,,,,false,false,false,false,false,false,false,Mother-Child Tracking ID|Aadhaar Card,central,https://nhm.gov.in/index1.php?lang=1&level=3&sublinkid=842&lid=310
pm-ayushman-bharat-health-infra,PM Ayushman Bharat Health Infrastructure Mission,Ministry of Health and Family Welfare,,Strengthening health systems and institutions for pandemic preparedness,healthcare,,Development of health and wellness centers and diagnostic labs,,,any,,,,,false,false,false,false,false,false,false,N/A - Infrastructure Scheme,central,https://pmabhim.mohfw.gov.in/
samagra-shiksha,Samagra Shiksha Abhiyan,Ministry of Education,Department of School Education and Literacy,Integrated scheme for school education from pre-school to class 12,other,,Equitable learning outcomes and quality schooling infrastructure,4,18,any,,,,,false,false,true,false,false,false,false,School Admission Form|Aadhaar Card,central,https://samagra.education.gov.in/
pm-usp-scholarship,""Uchchatar Shiksha Protsahan (PM-USP)"",Ministry of Education,Department of Higher Education,Scholarships for college and university students from low income families,scholarship,20000,""INR 10000 to 20000 per year for graduation and post-graduation"",18,25,any,450000,,,,false,false,true,false,false,false,false,12th Marksheet|Income Certificate|Aadhaar Card|Admission Proof,central,https://scholarships.gov.in/
national-means-cum-merit-scholarship,National Means-cum-Merit Scholarship,Ministry of Education,Department of School Education and Literacy,Scholarships for meritorious students of class 9 to 12,scholarship,12000,INR 12000 per year for secondary education,13,16,any,350000,,,,false,false,true,false,false,false,false,Class 8 Marksheet|Income Certificate|Aadhaar Card,central,https://scholarships.gov.in/
pm-shri-schools,PM SHRI Schools,Ministry of Education,,Upgradation of schools into showcase institutions for NEP 2020,other,,Infrastructure and quality pedagogy improvements in selected schools,4,18,any,,,,,false,false,true,false,false,false,false,N/A - Institutional Scheme,central,https://pmshrischools.education.gov.in/
mid-day-meal-program,Mid Day Meal Program (MDM),Ministry of Education,,Provision of nutritional support to primary and upper primary students,healthcare,,Free cooked meal in schools during working days,6,14,any,,,,,false,false,true,false,false,false,false,School Attendance Record,central,https://pmposhan.education.gov.in/
rte-25-percent-reservation,Right to Education (RTE) 25% Admission,Ministry of Education,,Reservation of seats in private schools for children from EWS/Disadvantaged groups,other,,Free education in private schools from class 1 to 8,6,14,any,,EWS|BPL,,,false,false,true,false,false,false,false,Income Certificate|Birth Certificate|Aadhaar Card|Address Proof,central,https://education.gov.in/en/rte
pm-swades,PM-SWADES (Skill Development),Ministry of Skill Development and Entrepreneurship,,Skill mapping of citizens returning from overseas under Vande Bharat Mission,employment,,Database for employment opportunities based on global skill requirements,18,60,any,,,,,false,false,false,false,false,false,false,Passport|Aadhaar Card|Experience Certificate,central,https://nsdcindia.org/swades/
deendayal-antyodaya-nrlm,Deendayal Antyodaya Yojana - NRLM,Ministry of Rural Development,Department of Rural Development,Poverty alleviation through building strong institutions for the poor,other,,Access to credit and livelihood support through Self Help Groups,18,60,female,,BPL,,,false,false,false,false,false,false,false,Aadhaar Card|SHG Membership|Bank Account,central,https://aajeevika.gov.in/
deendayal-antyodaya-nulm,Deendayal Antyodaya Yojana - NULM,Ministry of Housing and Urban Affairs,,Reducing poverty and vulnerability of the urban poor households,employment,,Skill training and self-employment support for urban poor,18,60,any,,BPL|LIG,,,false,false,false,false,false,false,false,Aadhaar Card|Income Certificate|Bank Account,central,https://nulm.gov.in/
pm-gati-shakti,PM Gati Shakti National Master Plan,Ministry of Commerce and Industry,,Multimodal connectivity for economic zones and infrastructure,other,,Integrated planning and coordinated execution of infrastructure projects,,,any,,,,,false,false,false,false,false,false,false,N/A - Logistics Scheme,central,https://www.gatishakti.gov.in/
smart-cities-mission,Smart Cities Mission,Ministry of Housing and Urban Affairs,,Promotion of cities that provide core infrastructure and decent quality of life,housing,,Funding for urban renewal and smart technology projects,,,any,,,,,false,false,false,false,false,false,false,N/A - Municipal Scheme,central,https://smartcities.gov.in/
amrut-mission,""Atal Mission for Rejuvenation and Urban Transformation (AMRUT)"",Ministry of Housing and Urban Affairs,,Providing basic services like water supply and sewerage to households,other,,Infrastructure for water supply and green spaces in 500 cities,,,any,,,,,false,false,false,false,false,false,false,N/A - Urban Infrastructure,central,https://amrut.mohua.gov.in/
swachh-bharat-mission-urban,Swachh Bharat Mission (Urban),Ministry of Housing and Urban Affairs,,Elimination of open defecation and 100% scientific management of waste,subsidy,12000,Subsidy for construction of Individual Household Latrines (IHHL),,,any,,,,,false,false,false,false,false,false,false,Aadhaar Card|Bank Account|Photograph of Site,central,https://sbmurban.org/
swachh-bharat-mission-gramin,Swachh Bharat Mission (Gramin),Ministry of Jal Shakti,Department of Drinking Water and Sanitation,Improving the levels of cleanliness in rural areas through Solid and Liquid Waste Management,subsidy,12000,Incentive for construction of Individual Household Latrines (IHHL),,,any,,BPL|SC|ST,,,false,false,false,false,false,false,false,Aadhaar Card|Bank Details|BPL ID,central,https://swachhbharatmission.gov.in/
jal-jeevan-mission,Jal Jeevan Mission (Har Ghar Jal),Ministry of Jal Shakti,Department of Drinking Water and Sanitation,Providing functional household tap connections to every rural household,other,,Safe and adequate drinking water through individual tap connections,,,any,,,,,false,false,false,false,false,false,false,Aadhaar Card|Land Ownership,central,https://jaljeevanmission.gov.in/
startup-india-seed-fund,Startup India Seed Fund Scheme (SISFS),Ministry of Commerce and Industry,Department for Promotion of Industry and Internal Trade,Financial assistance to startups for proof of concept and prototype development,loan,5000000,""Grants up to 20 Lakh and debt up to 50 Lakh through incubators"",18,,any,,,,,false,false,false,false,false,false,false,DPIIT Recognition|Business Plan|Bank Account,central,https://seedfund.startupindia.gov.in/
make-in-india,Make in India,Ministry of Commerce and Industry,Department for Promotion of Industry and Internal Trade,Facilitating investment and fostering innovation for manufacturing hub,other,,Ease of doing business and sector-specific incentives,,,any,,,,,false,false,false,false,false,false,false,N/A - Policy Scheme,central,https://www.makeinindia.com/
production-linked-incentive,Production Linked Incentive (PLI) Scheme,Ministry of Electronics and Information Technology,,""Incentives for domestic manufacturing in 14 key sectors"",subsidy,,4% to 6% incentive on incremental sales of manufactured goods,,,any,,,,,false,false,false,false,false,false,false,Company Registration|Investment Proof|Sales Audit,central,https://pli.india.gov.in/
pm-matsya-sampada,Pradhan Mantri Matsya Sampada Yojana,Ministry of Fisheries Animal Husbandry and Dairying,Department of Fisheries,Sustainable development of fisheries sector through various interventions,subsidy,,Financial assistance for fish farming units and vessels,18,,any,,,,,false,false,false,false,false,false,false,Fishing License|Aadhaar Card|Land/Water Lease,central,https://pmmsy.dof.gov.in/
kisan-credit-card,Kisan Credit Card (KCC) Scheme,Ministry of Finance,Department of Financial Services,Timely credit to farmers for their cultivation and other needs,loan,300000,Loan up to 3 Lakh at effective interest rate of 4%,18,75,any,,,,,farmer,false,false,false,true,false,false,false,Aadhaar Card|Land Records|Bank Passbook,central,https://pmkisan.gov.in/
pmegp,""Prime Minister’s Employment Generation Programme"",Ministry of Micro Small and Medium Enterprises,Khadi and Village Industries Commission,Credit linked subsidy program for generating self-employment through micro-enterprises,subsidy,5000000,""Subsidy up to 35% on project cost up to 50 Lakh"",18,,any,,,,,false,false,false,false,false,false,false,Project Report|Aadhaar Card|Educational Proof,central,https://www.kviconline.gov.in/pmegeponline/
kanya-sumangala-yojana,Mukhya Mantri Kanya Sumangala Yojana,Uttar Pradesh Government,Department of Women and Child Welfare,Financial assistance to girl child from birth till graduation,subsidy,25000,""INR 25000 in 6 stages for health and education"",0,18,female,300000,,,,false,false,true,false,false,false,false,Birth Certificate|Income Certificate|Aadhaar Card|Photograph,state,https://mksy.up.gov.in/
kanyashree-prakalpa,Kanyashree Prakalpa,West Bengal Government,Department of Women and Child Development,Conditional cash transfer to girls to prevent child marriage and promote education,scholarship,25000,""Annual scholarship of 1000 and one-time grant of 25000 at age 18"",13,18,female,,,,,false,false,true,false,false,false,false,Unmarried Declaration|School Certificate|Bank Passbook|Aadhaar,state,https://www.wbkanyashree.gov.in/
ladli-behna-yojana,Ladli Behna Yojana,Madhya Pradesh Government,Department of Women and Child Development,Financial empowerment of women through monthly cash transfers,subsidy,15000,Monthly transfer of INR 1250 to bank accounts of eligible women,21,60,female,250000,,,,false,false,false,false,false,false,false,Aadhaar Card|Samagra ID|Bank Passbook|Residence Proof,state,https://cmladlibehna.mp.gov.in/
rythu-bandhu,Rythu Bandhu Scheme,Telangana Government,Department of Agriculture,Investment support to farmers for every season,subsidy,10000,INR 10000 per acre per year in two installments,,,any,,,,,farmer,false,false,false,true,false,false,false,Pattadar Passbook|Aadhaar Card|Bank Details,state,https://rythubandhu.telangana.gov.in/
amma-vodi,Jagananna Amma Vodi,Andhra Pradesh Government,Department of School Education,Financial assistance to mothers for educating their children,subsidy,15000,INR 15000 annually to the mother's bank account,6,18,female,,BPL,,,false,false,true,false,false,true,false,Ration Card|Aadhaar Card|School Attendance Record,state,https://jaganannaammavodi.ap.gov.in/
kalaignar-magalir-urimai,""Kalaignar Magalir Urimai Thogai"",Tamil Nadu Government,,Monthly financial assistance to women heads of eligible households,subsidy,12000,Monthly cash transfer of INR 1000 to women heads of families,21,,female,250000,BPL|LIG,,,false,false,false,false,false,true,false,Ration Card|Aadhaar Card|Income Certificate,state,https://edistricts.tn.gov.in/
mukhyamantri-kanya-utthan,Mukhyamantri Kanya Utthan Yojana,Bihar Government,Department of Social Welfare,Financial support for girls from birth to graduation to prevent child marriage,subsidy,50000,Total financial assistance of 50000 in various stages till graduation,0,21,female,,,,,false,false,true,false,false,false,false,Marksheet|Aadhaar Card|Bank Passbook|Residence Proof,state,https://edudbt.bih.nic.in/
swasthya-sathi-scheme,Swasthya Sathi,West Bengal Government,Department of Health and Family Welfare,Group health insurance for the entire population of the state,healthcare,500000,Cashless health cover up to 5 Lakh per family per year,,,any,,,,,false,false,false,false,false,false,false,Swasthya Sathi Card|Aadhaar Card,state,https://swasthyasathi.gov.in/
bhagyalaxmi-yojana,Bhagyalaxmi Yojana,Karnataka Government,Department of Women and Child Development,Financial security for girl child in BPL families,other,100000,""Maturity amount of 1 Lakh on attaining age 18"",0,1,female,,BPL,,,false,false,false,false,false,false,false,Birth Certificate|BPL Card|Aadhaar of Parent,state,https://dwcd.karnataka.gov.in/
kalia-scheme,""Krushak Assistance for Livelihood and Income Augmentation (KALIA)"",Odisha Government,Department of Agriculture,Accelerating agricultural prosperity and reducing poverty,subsidy,10000,Financial assistance for small and marginal farmers and landless laborers,18,,any,,,,,farmer,false,false,false,true,false,false,false,Aadhaar Card|Land Records|Bank Account,state,https://kalia.odisha.gov.in/
shakti-scheme-free-bus,Shakti Scheme,Karnataka Government,Transport Department,Free bus travel for women residents of Karnataka,other,,Free travel in state-run non-premium buses across the state,,,female,,,,,false,false,false,false,false,false,false,Shakti Smart Card|Aadhaar Card,state,https://sevasindhu.karnataka.gov.in/
asara-pension,Asara Pension,Telangana Government,Department of Rural Development,Social security pensions for vulnerable sections,pension,24192,Monthly pension of 2016 for elderly and 3016 for disabled,65,,any,,BPL,,,true,true,false,false,true,true,false,Aadhaar Card|Age Proof|Disability Certificate|BPL Card,state,https://www.aasara.telangana.gov.in/
biju-swasthya-kalyan,Biju Swasthya Kalyan Yojana (BSKY),Odisha Government,Department of Health and Family Welfare,Universal health coverage in Odisha,healthcare,1000000,Health cover of 5 Lakh per family and 10 Lakh for women members,,,any,,BPL|RSBY,,,false,false,false,false,false,true,false,Ration Card|Aadhaar Card|BSKY Health Card,state,https://bsky.odisha.gov.in/
majhi-ladki-bahin,""Mukhyamantri Majhi Ladki Bahin Yojana"",Maharashtra Government,,Financial assistance to women for empowerment and nutrition,subsidy,18000,Monthly transfer of INR 1500 to women beneficiaries,21,65,female,250000,,,,false,false,false,false,false,false,false,Aadhaar Card|Income Certificate|Residence Proof|Bank Account,state,https://ladakibahin.maharashtra.gov.in/
mahayojna-sambal,Sambal 2.0 Yojana,Madhya Pradesh Government,Department of Labour,Social security cover for unorganized sector workers,other,400000,""Ex-gratia assistance for death, disability, and maternity benefits"",18,60,any,,BPL,,,true,false,false,false,false,false,false,Samagra ID|Aadhaar Card|Labour Registration,state,https://sambal.mp.gov.in/
odop-financial-assistance,One District One Product (ODOP) Assistance,Uttar Pradesh Government,Department of MSME,Support for traditional industries under the ODOP initiative,loan,2500000,""Subsidy on bank loans for setting up ODOP units"",18,,any,,,,,false,false,false,false,false,false,false,Project Report|Aadhaar Card|Category Certificate,state,https://odopup.in/
gruha-jyothi-scheme,Gruha Jyothi Scheme,Karnataka Government,Department of Energy,Providing free electricity to residential households,subsidy,,Free electricity up to 200 units per month,,,any,,,,,false,false,false,false,false,false,false,Electricity Bill|Consumer ID|Aadhaar Card,state,https://sevasindhugs.karnataka.gov.in/
lakshmir-bhandar,Lakshmir Bhandar,West Bengal Government,Department of Women and Child Development,Financial support to female heads of household,subsidy,12000,Monthly cash transfer of 1000 for General and 1200 for SC/ST,25,60,female,,,,,false,false,false,false,false,false,false,Swasthya Sathi Card|Aadhaar Card|Caste Certificate,state,https://socialsecurity.wb.gov.in/
subhadra-yojana,Subhadra Yojana,Odisha Government,Department of Women and Child Development,Financial assistance to women for livelihood and nutrition,subsidy,10000,Annual financial assistance of INR 10000 in two installments,21,60,female,,,,,false,false,false,false,false,false,false,Aadhaar Card|Ration Card|Bank Passbook,state,https://subhadra.odisha.gov.in/
pudhumai-penn-scheme,Pudhumai Penn Scheme,Tamil Nadu Government,Department of Higher Education,Monthly financial assistance to girls for higher education,scholarship,12000,Monthly stipend of 1000 till completion of degree/diploma,17,23,female,,,,,false,false,true,false,false,false,false,School Study Certificate|Admission Proof|Aadhaar Card,state,https://www.pudhumaipenn.tn.gov.in/
yuvashree-scheme,Yuvashree Scheme,West Bengal Government,Department of Labour,Unemployment assistance for youth enrolled in employment bank,subsidy,18000,Monthly unemployment allowance of INR 1500,18,45,any,,,,,false,false,false,false,false,false,false,Employment Bank ID|Educational Proof|Aadhaar Card,state,https://employmentbankwb.gov.in/
chiranjeevi-swasthya,Mukhya Mantri Chiranjeevi Swasthya Bima,Rajasthan Government,Department of Medical and Health,Health insurance for families in Rajasthan,healthcare,2500000,Health insurance cover up to 25 Lakh per family per year,,,any,,BPL|SC|ST|LIG,,,false,false,false,false,false,false,false,Jan Aadhaar Card|Ration Card|Aadhaar Card,state,https://chiranjeevi.rajasthan.gov.in/
mahila-utkarsh-yojana,Mukhyamantri Mahila Utkarsh Yojana,Gujarat Government,Department of Women and Child Development,Interest-free loans to women's groups,loan,100000,Interest-free loan of 1 Lakh to Sakhi Mandals/Joint Liability Groups,18,60,female,,,,,false,false,false,false,false,false,false,Group Registration|Aadhaar Card|Bank Details,state,https://mmuy.gujarat.gov.in/
karunya-health-scheme,Karunya Health Kiranam,Kerala Government,Health and Family Welfare Department,Financial assistance for treatment of major diseases,healthcare,200000,Cashless treatment for life-threatening diseases,,,any,,BPL|LIG,,,false,false,false,false,false,false,false,Aadhaar Card|Ration Card|Income Certificate,state,https://sha.kerala.gov.in/karunya-benevolent-fund/
annapoorna-food-packets,Annapoorna Food Packet Scheme,Rajasthan Government,Department of Food and Civil Supplies,Provision of essential food items at free of cost,subsidy,,Monthly food packets with oil pulses spices and salt,,,any,,NFSA|BPL,,,false,false,false,false,false,true,false,Jan Aadhaar Card|Ration Card,state,https://food.rajasthan.gov.in/
kanda-pension,Kanda Pension (Old Age),Himachal Pradesh Government,Department of Social Justice and Empowerment,Social security pension for elderly citizens,pension,18000,Monthly pension of INR 1500 for those above 70 years,60,,any,,,,,false,false,false,false,true,false,false,Age Proof|Aadhaar Card|Bank Details,state,https://edistrict.hp.gov.in/
mai-bhago-scheme,Mai Bhago Istri Shakti Scheme,Punjab Government,Department of Cooperation,Empowerment of women through cooperative societies and loans,loan,25000,""Low-interest loans for income generation activities through SHGs"",18,,female,,,,,false,false,false,false,false,false,false,SHG ID|Aadhaar Card|Residence Proof,state,https://punjab.gov.in/
manav-garima-yojana,Manav Garima Yojana,Gujarat Government,Social Justice and Empowerment Department,Assistance to artisans for purchasing tools and equipment,subsidy,28000,Financial assistance for toolkits in 28 different occupations,18,60,any,120000,SC|ST|OBC,,,false,false,false,false,false,false,false,Aadhaar Card|Caste Certificate|Income Certificate|Experience Certificate,state,https://sje.gujarat.gov.in/
sant-ravidas-shiksha,Sant Ravidas Shiksha Sahayata Yojana,Uttar Pradesh Government,Labour Department,Scholarships for children of registered construction workers,scholarship,12000,""Annual scholarship from class 1 to post-graduation"",6,25,any,,,,,false,false,true,false,false,false,false,Labour Card|Marksheet|Aadhaar Card,state,https://upbocw.in/
bihar-student-credit-card,Bihar Student Credit Card Scheme,Bihar Government,Education Department,Loan for higher education for students from Bihar,loan,400000,""Loan up to 4 Lakh at 1% simple interest for males and 0% for females/disabled"",18,25,any,,,,,false,false,true,false,false,false,false,12th Marksheet|Aadhaar Card|Admission Proof|Bank Passbook,state,https://www.7nischay-yuvaupmission.bihar.gov.in/
ladli-social-security,Ladli Social Security Allowance,Haryana Government,Social Justice and Empowerment Department,Financial assistance to parents having only girl child,subsidy,33000,Monthly allowance of INR 2750 per family,45,60,any,,,,,false,false,false,false,false,false,false,Birth Certificate of Girls|Aadhaar Card|Residence Proof,state,https://socialjusticehry.gov.in/
swavalamban-pension,Swavalamban Pension (Disability),Tripura Government,Social Welfare Department,Social security for persons with disabilities,pension,12000,Monthly pension of INR 1000 for persons with 40% or more disability,10,,any,,BPL,,,true,false,false,false,false,true,false,Disability Certificate|BPL Card|Aadhaar Card,state,https://socialwelfare.tripura.gov.in/
pension-paritoshik,Old Age Pension Paritoshik,Delhi Government,Department of Social Welfare,Financial support to senior citizens in Delhi,pension,30000,Monthly pension of INR 2000 to 2500 based on age,60,,any,100000,,,,false,false,false,false,true,false,false,Age Proof|Income Certificate|Aadhaar Card|Residence Proof,state,https://edistrict.delhigovt.nic.in/
mukhya-mantri-madhu-vikas,Mukhya Mantri Madhu Vikas Yojana,Himachal Pradesh Government,Horticulture Department,Promoting beekeeping for enhancing income of farmers,subsidy,,80% subsidy on beehives and equipment,,,any,,,,,farmer,false,false,false,true,false,false,false,Farmer Registration|Aadhaar Card|Land Records,state,https://hpagrisnet.gov.in/
yuvashakti-card,Yuvashakti Card,Goa Government,Directorate of Higher Education,Digital card for students to access various government services and benefits,other,,Access to discounts on books travel and educational materials,18,25,any,,,,,false,false,true,false,false,false,false,Student ID|Aadhaar Card|Goa Residence Proof,state,https://dhe.goa.gov.in/
mukhya-mantri-maitri-yojana,Mukhya Mantri Maitri Yojana,Sikkim Government,Social Welfare Department,Financial assistance to single women and widows,subsidy,24000,Monthly financial assistance of INR 2000,18,,female,,BPL,,,false,true,false,false,false,true,false,Widow Certificate|BPL Card|Aadhaar Card,state,https://sikkim.gov.in/
shakti-vandan-yojana,Shakti Vandan Yojana,Chhattisgarh Government,,Assistance to women for social and economic empowerment,subsidy,12000,Monthly cash assistance for health and nutrition,21,,female,,,,,false,false,false,false,false,false,false,Aadhaar Card|Ration Card|Bank Passbook,state,https://cgstate.gov.in/
mukhyamantri-u-shiksha,Mukhyamantri Uchchatar Shiksha Chhatravriti,Rajasthan Government,Higher Education Department,Scholarships for meritorious students from low income families,scholarship,5000,INR 500 per month for 10 months in a year,17,23,any,250000,,,,false,false,true,false,false,false,false,12th Marksheet|Income Certificate|Aadhaar Card,state,https://hte.rajasthan.gov.in/
pension-for-widows,Widow Pension Scheme,Uttarakhand Government,Social Welfare Department,Financial help to widows for their livelihood,pension,18000,Monthly pension of INR 1500,18,,female,48000,,,,false,true,false,false,false,false,false,Death Certificate of Husband|Income Certificate|Aadhaar Card,state,https://socialwelfare.uk.gov.in/
vridhavastha-pension,Vridhavastha Pension (UP),Uttar Pradesh Government,Social Welfare Department,Pension for elderly citizens belonging to BPL families,pension,12000,Monthly pension of INR 1000,60,,any,56460,BPL,,,false,false,false,false,true,false,false,Age Proof|BPL Card|Aadhaar Card|Bank Passbook,state,https://sspy-up.gov.in/
divyangjan-pension,Divyangjan Pension Scheme (UP),Uttar Pradesh Government,Divyangjan Sashaktikaran Department,Monthly financial aid for persons with disabilities,pension,12000,Monthly pension of INR 1000 for persons with min 40% disability,18,,any,46080,,,,true,false,false,false,false,false,false,Disability Certificate|Income Certificate|Aadhaar Card,state,https://sspy-up.gov.in/
medhabi-scholarship,Medhabi Scholarship Scheme,Odisha Government,Higher Education Department,Merit scholarship for students pursuing higher education,scholarship,10000,INR 10000 per year for degree and professional courses,18,,any,600000,,,,false,false,true,false,false,false,false,Marksheet|Income Certificate|Aadhaar Card|Admission Proof,state,https://scholarship.odisha.gov.in/
pension-viklang,Viklang Pension (Bihar),Bihar Government,Social Welfare Department,Social security for disabled residents of Bihar,pension,4800,Monthly pension of INR 400 for persons with 40% or more disability,,,any,,BPL,,,true,false,false,false,false,true,false,Disability Certificate|BPL Card|Aadhaar Card,state,https://socialwelfare.bihar.gov.in/
mukhya-mantri-parivar-samridhi,Mukhya Mantri Parivar Samridhi Yojana,Haryana Government,,Social security and insurance benefits to eligible families,other,6000,INR 6000 per year provided as social security installments,18,60,any,180000,BPL|EWS,,,false,false,false,false,false,false,false,Family ID (PPP)|Aadhaar Card|Bank Details,state,https://cmparivarsamridhi.haryana.gov.in/
yashaswini-scheme,Yashaswini Health Insurance Scheme,Karnataka Government,Department of Cooperation,Health insurance for members of cooperative societies and their families,healthcare,,Cashless treatment in empaneled hospitals for major surgeries,,,any,,,,,false,false,false,false,false,false,false,Cooperative Society Membership|Aadhaar Card,state,https://sahakara.kar.gov.in/yashaswini.html
telangana-dalit-bandhu,Dalit Bandhu Scheme,Telangana Government,,Direct benefit transfer for entrepreneurship among SC families,subsidy,1000000,One-time grant of 10 Lakh for setting up a business enterprise,18,,any,,,,,false,false,false,false,false,false,false,SC Certificate|Aadhaar Card|Business Plan,state,https://dalitbandhu.telangana.gov.in/
pension-vridha-punjab,Old Age Pension Punjab,Punjab Government,Social Security and Women and Child Development,Financial security for elderly in Punjab,pension,18000,Monthly pension of INR 1500,65,100,any,60000,,,,false,false,false,false,true,false,false,Aadhaar Card|Age Proof|Income Proof,state,https://sswcd.punjab.gov.in/
kalaignar-breakfast-scheme,Kalaignar Breakfast Scheme,Tamil Nadu Government,,Free breakfast for students in government primary schools,healthcare,,Free nutritious breakfast to students of class 1 to 5,6,11,any,,,,,false,false,true,false,false,false,false,N/A - School Based,state,https://www.tn.gov.in/
mukhyamantri-kisan-sahay,Mukhyamantri Kisan Sahay Yojana,Gujarat Government,,Crop insurance like assistance for farmers during natural calamities,subsidy,,Financial assistance for crop loss above 33% due to rain/drought,18,,any,,,,,farmer,false,false,false,true,false,false,false,Land Records|Aadhaar Card|Farmer ID,state,https://ikhedut.gujarat.gov.in/
vidya-deevena,Jagananna Vidya Deevena,Andhra Pradesh Government,Department of Higher Education,Full fee reimbursement for students from low income families,scholarship,,Full tuition fee reimbursement for polytechnic degree and engineering,18,25,any,,BPL|SC|ST|OBC|Kapu,,,false,false,true,false,false,true,false,College ID|Aadhaar Card|Ration Card|Income Certificate,state,https://jagananna-vidyadeevena.ap.gov.in/
vasathi-deevena,Jagananna Vasathi Deevena,Andhra Pradesh Government,Department of Higher Education,Financial assistance for hostel and mess charges of students,scholarship,20000,INR 20000 per year for degree and professional students,18,25,any,,BPL|SC|ST|OBC,,,false,false,true,false,false,true,false,Hostel Proof|Aadhaar Card|Ration Card,state,https://jagananna-vasathideevena.ap.gov.in/
pension-for-widows-jk,Widow Pension Scheme (J&K),Jammu and Kashmir Government,Social Welfare Department,Pension for widows residing in Jammu and Kashmir,pension,12000,Monthly pension of INR 1000,18,,female,,BPL,,,false,true,false,false,false,true,false,Widow Certificate|BPL Card|Aadhaar Card,state,https://jkswd.jk.gov.in/
ladli-social-security-haryana,Ladli Social Security Allowance,Haryana Government,Social Justice and Empowerment Department,Pension for parents with only girl child,pension,33000,Monthly allowance of 2750 for parents after age 45,45,60,any,,,,,false,false,false,false,false,false,false,Age Proof|Aadhaar Card|Residence Proof|Birth Certificates of Girls,state,https://socialjusticehry.gov.in/
swasthya-bhima-odisha,Biju Swasthya Kalyan Yojana (BSKY),Odisha Government,Health and Family Welfare Department,Health insurance for almost all families in Odisha,healthcare,500000,Cashless medical treatment up to 5 Lakh and 10 Lakh for women members,,,any,,BPL|RSBY|NFSA,,,false,false,false,false,false,true,false,BSKY Health Card|Ration Card|Aadhaar Card,state,https://bsky.odisha.gov.in/
up-shramik-kanyadan,UP Shramik Kanyadan Yojana,Uttar Pradesh Government,Labour Department,Financial aid for marriage of daughters of construction workers,subsidy,51000,One-time financial assistance of INR 51000 for marriage,18,,female,,,,,false,false,false,false,false,false,false,Labour Card|Marriage Card|Aadhaar Card|Bank Passbook,state,https://upbocw.in/
pension-to-disabled-telangana,Disabled Pension (Telangana),Telangana Government,Society for Elimination of Rural Poverty,Financial assistance to persons with disabilities,pension,36192,Monthly pension of INR 3016,1,,any,,BPL,,,true,false,false,false,false,true,false,SADAREM Certificate|Aadhaar Card|BPL Card,state,https://www.aasara.telangana.gov.in/
mukhya-mantri-atmanirbhar-assam,Mukhya Mantri Atmanirbhar Asom,Assam Government,Employment and Skill Development,Financial support for self-employment in Assam,loan,200000,""Grant of 1 Lakh and loan of 1 Lakh at low interest for youth"",21,45,any,,,,,false,false,false,false,false,false,false,Educational Qualification|Aadhaar Card|Business Plan,state,https://mmaa.assam.gov.in/
svayem-scheme,Re-SVAYEM Scheme,Assam Government,Finance Department,Seed money for self-employment through SHGs and individuals,subsidy,50000,One-time grant of INR 50000 for starting business activities,18,40,any,,,,,false,false,false,false,false,false,false,Identity Proof|Bank Account|Project Proposal,state,https://finance.assam.gov.in/
rajasthan-laptop-vitran,Rajasthan Free Laptop Distribution,Rajasthan Government,Education Department,Laptops for meritorious students of class 8 10 and 12,other,,Free laptop for top rank holders in board exams,14,18,any,,,,,false,false,true,false,false,false,false,Board Exam Marksheet|School ID|Aadhaar Card,state,https://education.rajasthan.gov.in/
up-free-tablet-smartphone,UP Free Tablet Smartphone Yojana,Uttar Pradesh Government,Department of IT and Electronics,Providing digital devices to students for technical education,other,,Free tablet or smartphone for students in degree/diploma courses,18,25,any,,,,,false,false,true,false,false,false,false,College ID|Aadhaar Card|Marksheet,state,https://digishakti.up.gov.in/
kanyashree-prakalpa-k3,Kanyashree K3 Scholarship,West Bengal Government,Department of Higher Education,Scholarship for Kanyashree girls pursuing postgraduate studies,scholarship,30000,""Monthly 2000 to 2500 based on stream (Arts/Science)"",21,25,female,,,,,false,false,true,false,false,false,false,K2 ID|Graduate Marksheet|Admission Proof,state,https://svmcm.wbhed.gov.in/
shravan-bal-yojana,Shravan Bal Seva Rajya Nivruttivetan,Maharashtra Government,Social Justice and Special Assistance,Pension for elderly citizens of Maharashtra,pension,12000,Monthly pension of INR 1000 for those above 65 years,65,,any,21000,BPL,,,false,false,false,false,true,true,false,Age Proof|Income Certificate|Ration Card|Aadhaar,state,https://sjsa.maharashtra.gov.in/
sanjay-gandhi-niradhar,""Sanjay Gandhi Niradhar Anudan Yojana"",Maharashtra Government,,Financial assistance to destitute persons and families,pension,12000,Monthly pension of 1000 for single and 1500 for families,18,65,any,21000,BPL,,,true,true,false,false,false,true,false,Age Proof|Medical Certificate|Aadhaar Card,state,https://sjsa.maharashtra.gov.in/
pension-for-landless-odisha,Madhu Babu Pension Yojana (MBPY),Odisha Government,Social Security and Empowerment of PwDs,Financial support for elderly widows and disabled,pension,12000,Monthly pension of INR 1000 for age 60+ and 1200 for 80+,60,,any,,BPL,,,true,true,false,false,true,true,false,Aadhaar Card|Voter ID|Disability Certificate,state,https://ssepd.gov.in/
vridha-pension-rajasthan,Old Age Pension (Rajasthan),Rajasthan Government,Social Justice and Empowerment Department,Financial aid for senior citizens in Rajasthan,pension,12000,Monthly pension of INR 1000 for those above 58 (female) or 60 (male),58,,any,48000,,,,false,false,false,false,true,false,false,Age Proof|Jan Aadhaar Card|Income Certificate,state,https://ssp.rajasthan.gov.in/
pension-widow-rajasthan,Widow Pension (Rajasthan),Rajasthan Government,Social Justice and Empowerment Department,Monthly financial aid to widows for their welfare,pension,12000,Monthly pension of 1000 for age 18-75 and 1500 for age 75+,18,,female,48000,,,,false,true,false,false,false,false,false,Death Certificate of Husband|Jan Aadhaar Card|Income Certificate,state,https://ssp.rajasthan.gov.in/
pension-disabled-rajasthan,Disabled Pension (Rajasthan),Rajasthan Government,Social Justice and Empowerment Department,Monthly assistance for persons with special needs,pension,12000,Monthly pension of INR 1000 for persons with 40% or more disability,,,any,60000,,,,true,false,false,false,false,false,false,Disability Certificate|Jan Aadhaar Card|Aadhaar Card,state,https://ssp.rajasthan.gov.in/
mukhya-mantri-krushi-udyog,Mukhya Mantri Krushi Udyog Yojana,Odisha Government,Department of Agriculture,Financial assistance for setting up commercial agri-enterprises,subsidy,5000000,""Capital investment subsidy up to 50 Lakh (40-50% of cost)"",18,,any,,,,,farmer,false,false,false,true,false,false,false,Project Report|Aadhaar Card|Land Records,state,https://www.apicol.nic.in/
chhattisgarh-kisan-nyay,Rajiv Gandhi Kisan Nyay Yojana,Chhattisgarh Government,Department of Agriculture,Income support to farmers for crop production,subsidy,10000,Financial assistance of INR 9000 to 10000 per acre per year,,,any,,,,,farmer,false,false,false,true,false,false,false,Land Records|Girdawari|Aadhaar Card,state,https://rgkny.cg.nic.in/
mukhya-mantri-shilp-sahay,Mukhya Mantri Shilp Sahay Yojana,Bihar Government,Industries Department,Financial aid and training for traditional artisans,subsidy,20000,One-time grant for purchase of modern tools and raw materials,18,50,any,,,,,false,false,false,false,false,false,false,Artisan ID|Aadhaar Card|Bank Details,state,https://industries.bih.nic.in/
mukhya-mantri-samiti-sahay,Mukhya Mantri Samiti Sahay Yojana,Bihar Government,Cooperative Department,Strengthening PACs and cooperative societies in Bihar,other,,Funding for infrastructure and working capital of societies,,,any,,,,,false,false,false,false,false,false,false,Society Registration|Aadhaar Card|PAN Card,state,https://cooperative.bih.nic.in/
manjhi-ladki-behan-maha,Mukhyamantri Majhi Ladki Bahin (Maharashtra),Maharashtra Government,,Welfare and nutrition scheme for women in Maharashtra,subsidy,18000,Monthly financial assistance of INR 1500 to women beneficiaries,21,65,female,250000,,,,false,false,false,false,false,false,false,Aadhaar Card|Income Certificate|Residence Proof,state,https://ladakibahin.maharashtra.gov.in/
pension-old-age-ap,YSR Pension Kanuka (Old Age),Andhra Pradesh Government,Department of Rural Development,Social security pension for elderly in Andhra Pradesh,pension,36000,Monthly pension of INR 3000,60,,any,,BPL,,,false,false,false,false,true,true,false,Aadhaar Card|Age Proof|Ration Card,state,https://sspensions.ap.gov.in/
pension-widow-ap,YSR Pension Kanuka (Widow),Andhra Pradesh Government,Department of Rural Development,Financial assistance for widows in Andhra Pradesh,pension,36000,Monthly pension of INR 3000,18,,female,,BPL,,,false,true,false,false,false,true,false,Death Certificate of Husband|Aadhaar Card|Ration Card,state,https://sspensions.ap.gov.in/
pension-disabled-ap,YSR Pension Kanuka (Disabled),Andhra Pradesh Government,Department of Rural Development,Financial support for persons with disabilities,pension,36000,Monthly pension of INR 3000 for persons with 40% or more disability,,,any,,BPL,,,true,false,false,false,false,true,false,Disability Certificate|Aadhaar Card|Ration Card,state,https://sspensions.ap.gov.in/
kanya-vivah-bihar,Mukhya Mantri Kanya Vivah Yojana,Bihar Government,Department of Social Welfare,Financial assistance for marriage of girls from BPL families,subsidy,5000,One-time financial assistance of INR 5000 for marriage,18,,female,,BPL,,,false,false,false,false,false,true,false,BPL Card|Marriage Invitation|Aadhaar Card,state,https://socialwelfare.bihar.gov.in/
pension-to-weavers-ap,YSR Pension Kanuka (Weaver),Andhra Pradesh Government,,Pension for handloom weavers in Andhra Pradesh,pension,36000,Monthly pension of INR 3000,50,,any,,BPL,,,false,false,false,false,false,true,false,Weaver ID|Aadhaar Card|Age Proof,state,https://sspensions.ap.gov.in/
pension-to-fishermen-ap,YSR Pension Kanuka (Fishermen),Andhra Pradesh Government,,Social security for fishermen families in Andhra Pradesh,pension,36000,Monthly pension of INR 3000,50,,any,,BPL,,,false,false,false,false,false,true,false,Fisherman ID|Aadhaar Card|Age Proof,state,https://sspensions.ap.gov.in/
vidya-sahay-gujarat,Vidya Sahay Yojana (Gujarat),Gujarat Government,Education Department,Scholarships for students belonging to SC and ST categories,scholarship,,Annual scholarship for primary and secondary education,,,any,,,,,false,false,true,false,false,false,false,Caste Certificate|School Certificate|Aadhaar Card,state,https://digitalgujarat.gov.in/
pension-destitute-women-up,Destitute Women Pension Scheme (UP),Uttar Pradesh Government,Department of Women and Child Welfare,Financial aid for women who are destitute or widows,pension,12000,Monthly pension of INR 1000 for destitute women,18,,female,2000000,,,,false,true,false,false,false,false,false,Widow Certificate|Income Certificate|Aadhaar Card,state,https://sspy-up.gov.in/
kisan-udyami-loan-up,Mukhyamantri Yuva Swarozgar Yojana,Uttar Pradesh Government,Department of Industries,Loan with subsidy for youth to start their own business,loan,2500000,""Loan up to 25 Lakh for industries and 10 Lakh for service sector"",18,40,any,,,,,false,false,false,false,false,false,false,Educational Proof|Business Plan|Aadhaar Card|PAN Card,state,https://diupmsme.upsdc.gov.in/
swavalamban-card-pension,Divyangjan Swavalamban Yojana,Ministry of Social Justice and Empowerment,NHFDC,Financial assistance for persons with disabilities for entrepreneurship,loan,5000000,""Loans at low interest rates (5-8%) for starting a business"",18,60,any,,,,,true,false,false,false,false,false,false,UDID Card|Business Plan|Aadhaar Card,central,https://www.nhfdc.nic.in/
pension-blind-delhi,Blind Pension Scheme,Delhi Government,Social Welfare Department,Social security for visually impaired residents,pension,30000,Monthly pension of INR 2500 for blind persons,,,any,100000,,,,true,false,false,false,false,false,false,Disability Certificate|Residence Proof|Aadhaar Card,state,https://edistrict.delhigovt.nic.in/
mukhya-mantri-sahay-kerala,Chief Minister’s Distress Relief Fund,Kerala Government,Revenue Department,Financial assistance for citizens facing severe medical or natural distress,subsidy,300000,Financial aid based on the severity of distress and medical reports,,,any,,BPL|LIG,,,false,false,false,false,false,false,false,Medical Certificate|Income Certificate|Aadhaar Card,state,https://cmdrf.kerala.gov.in/
mukhya-mantri-pension-haryana,Old Age Samman Allowance,Haryana Government,Social Justice and Empowerment Department,Monthly allowance to senior citizens for a dignified life,pension,33000,Monthly allowance of INR 2750 for those above 60 years,60,,any,200000,,,,false,false,false,false,true,false,false,Age Proof|Aadhaar Card|Residence Proof|Income Proof,state,https://socialjusticehry.gov.in/
pension-divyang-haryana,Haryana Disability Pension Scheme,Haryana Government,Social Justice and Empowerment Department,Financial help for persons with 60% or more disability,pension,33000,Monthly pension of INR 2750,18,,any,200000,,,,true,false,false,false,false,false,false,Disability Certificate|Aadhaar Card|Residence Proof,state,https://socialjusticehry.gov.in/
bhagyalaxmi-bond-karnataka,Bhagyalaxmi Scheme (Bond),Karnataka Government,,Bond given to girl children of BPL families,other,100000,""Lump sum of 1 Lakh after completion of 18 years"",0,1,female,,BPL,,,false,false,false,false,false,true,false,Birth Certificate|BPL Card|Aadhaar Card,state,https://dwcd.karnataka.gov.in/
annapurna-scheme-pension,Annapurna Scheme,Ministry of Rural Development,Department of Rural Development,Food security for senior citizens not covered under old age pension,subsidy,,10 kg of free food grains per month to eligible senior citizens,65,,any,,BPL,,,false,false,false,false,true,true,false,Aadhaar Card|Ration Card|Age Proof,central,https://nsap.nic.in/
pension-for-widows-kerala,Indira Gandhi National Widow Pension,Kerala Government,Local Self Government Department,Social security for widows in Kerala,pension,19200,Monthly pension of INR 1600,18,,female,,BPL,,,false,true,false,false,false,true,false,Widow Certificate|BPL Card|Aadhaar Card,state,https://socialsecuritypension.kerala.gov.in/
pension-for-elderly-kerala,Indira Gandhi National Old Age Pension,Kerala Government,Local Self Government Department,Financial aid for senior citizens in Kerala,pension,19200,Monthly pension of INR 1600 for those above 60 years,60,,any,,BPL,,,false,false,false,false,true,true,false,Age Proof|BPL Card|Aadhaar Card,state,https://socialsecuritypension.kerala.gov.in/
rajasthan-shramik-kanyadan,Shramik Kanyadan Yojana (Rajasthan),Rajasthan Government,Labour Department,Financial assistance for daughter's marriage of registered workers,subsidy,51000,One-time assistance of INR 31000 to 51000 for marriage,18,,female,,,,,false,false,false,false,false,false,false,Labour Card|Marriage Card|Aadhaar Card,state,https://labour.rajasthan.gov.in/
punjab-ashirwad-scheme,Ashirwad Scheme (Punjab),Punjab Government,Department of Social Justice Empowerment and Minorities,Financial aid for daughter's marriage to low income families,subsidy,51000,One-time financial assistance of INR 51000 for marriage,18,,female,32700,SC|ST|OBC|BPL|EWS,,,false,false,false,false,false,false,false,Caste Certificate|Marriage Proof|Aadhaar Card|Income Certificate,state,https://sswcd.punjab.gov.in/
up-vivah-hetu-anudan,UP Shadi Anudan Yojana,Uttar Pradesh Government,Social Welfare Department,Financial assistance for marriage of girls from low income families,subsidy,20000,One-time financial assistance of INR 20000 for marriage,18,,female,46080,SC|ST|OBC|Minority|General,,,false,false,false,false,false,false,false,Income Certificate|Caste Certificate|Marriage Invitation|Aadhaar,state,https://shadianudan.upsdc.gov.in/
telangana-kalyana-lakshmi,Kalyana Lakshmi / Shaadi Mubarak,Telangana Government,Minority Welfare Department,Financial assistance for marriage of girls from SC ST and Minority families,subsidy,100116,One-time financial assistance of INR 100116 for marriage,18,,female,200000,SC|ST|OBC|Minority,,,false,false,false,false,false,false,false,Caste Certificate|Marriage Proof|Aadhaar Card|Income Certificate,state,https://telanganaepass.cgg.gov.in/
shravan-bal-pension-maha,Shravan Bal Seva Nivruttivetan,Maharashtra Government,Social Justice and Special Assistance,Pension for elderly citizens belonging to BPL/APL,pension,18000,Monthly pension of INR 1500 for those above 65 years,65,,any,21000,BPL|APL,,,false,false,false,false,true,true,false,Age Proof|Income Certificate|Aadhaar Card|Ration Card,state,https://sjsa.maharashtra.gov.in/
mukhyamantri-yuva-nestam,Mukhyamantri Yuva Nestam,Andhra Pradesh Government,,Unemployment allowance for educated youth (intermittent status),subsidy,12000,Monthly allowance of INR 1000 to 2000 for unemployed graduates,22,35,any,,,,,false,false,false,false,false,false,false,Degree Certificate|Aadhaar Card|Employment Registration,state,https://yuvanestam.ap.gov.in/
pension-for-transgender-odisha,Transgender Pension Scheme,Odisha Government,Social Security and Empowerment of PwDs,Financial support for transgender persons for a dignified life,pension,12000,Monthly pension of INR 1000,,,any,,BPL,,,false,false,false,false,false,true,false,Transgender ID|Aadhaar Card|Residence Proof,state,https://ssepd.gov.in/
mukhya-mantri-sahayata-up,Chief Minister’s Distress Relief Fund (UP),Uttar Pradesh Government,,Financial aid for treatment of critical illnesses,healthcare,500000,Financial assistance for surgeries and treatment in government/private hospitals,,,any,,BPL|LIG,,,false,false,false,false,false,false,false,Estimate from Hospital|Aadhaar Card|Income Certificate,state,https://up.gov.in/
swavalamban-card-pension-up,Divyang Shadi Protsahan Yojana,Uttar Pradesh Government,Divyangjan Sashaktikaran Department,Incentive for marriage where one or both spouses are disabled,subsidy,35000,One-time incentive of INR 20000 to 35000 for marriage,18,45,any,,,,,true,false,false,false,false,false,false,Disability Certificate|Marriage Certificate|Aadhaar Card,state,https://uphq.up.nic.in/
kanya-vivah-mpp,Mukhya Mantri Kanya Vivah/Nikah Yojana,Madhya Pradesh Government,Social Justice Department,Mass marriage assistance for daughters of poor families,subsidy,51000,""One-time aid for household items and fixed deposit for bride"",18,,female,,BPL,,,false,false,false,false,false,true,false,Aadhaar Card|Samagra ID|Marriage Invitation,state,https://socialjustice.mp.gov.in/
mukhya-mantri-madhu-odisha,Madhu Babu Pension (Disability),Odisha Government,Social Security and Empowerment of PwDs,Financial assistance for persons with 40% or more disability,pension,12000,Monthly pension of INR 1000 for those with disability,5,,any,,BPL|LIG,,,true,false,false,false,false,false,false,Disability Certificate|Aadhaar Card|BPL Card,state,https://ssepd.gov.in/
vahan-tax-subsidy-delhi,Delhi Electric Vehicle Policy,Delhi Government,Transport Department,Subsidy for purchasing electric vehicles in Delhi,subsidy,150000,Subsidy up to 1.5 Lakh on purchase of electric four-wheelers and 30000 for two-wheelers,18,,any,,,,,false,false,false,false,false,false,false,Aadhaar Card|Voter ID|Purchase Invoice|Bank Details,state,https://ev.delhi.gov.in/
pension-artisan-up,Old Age Pension for Artisans,Uttar Pradesh Government,Department of MSME,Pension for traditional artisans who are above 60 years,pension,6000,Monthly pension of INR 500 for registered artisans,60,,any,,,,,false,false,false,false,true,false,false,Artisan ID Card|Age Proof|Aadhaar Card,state,https://diupmsme.upsdc.gov.in/
mukhyamantri-kisan-sahayak,Mukhyamantri Kisan Sahayak (WB),West Bengal Government,Department of Agriculture,Financial assistance to farmers for crop cultivation,subsidy,10000,INR 10000 per acre per year to farmers and sharecroppers,,,any,,,,,farmer,false,false,false,true,false,false,false,Land Records|Aadhaar Card|Bank Passbook,state,https://matirkatha.gov.in/
swasthya-sathi-card-wb,Swasthya Sathi Health Insurance,West Bengal Government,,Cashless health insurance for citizens of West Bengal,healthcare,500000,Coverage of 5 Lakh per family per year including pre-existing diseases,,,any,,,,,false,false,false,false,false,false,false,Aadhaar Card|Ration Card|Family Declaration,state,https://swasthyasathi.gov.in/
yuvashree-arpan,Yuvashree Arpan,West Bengal Government,Department of MSME,Financial support for youth to set up small industries,loan,100000,One-time grant of 1 Lakh for 50000 ITI/Polytechnic passed youth,18,45,any,,,,,false,false,false,false,false,false,false,Educational Proof|Business Plan|Aadhaar Card,state,https://employmentbankwb.gov.in/
pension-freedom-fighter,Freedom Fighter Pension Scheme,Ministry of Home Affairs,Freedom Fighters and Rehabilitation Division,Social security for freedom fighters and their eligible dependents,pension,30000,Monthly pension of INR 25000 to 30000 plus DA,,,any,,,,,false,false,false,false,false,false,false,FF Certificate|Identity Proof|Bank Account,central,https://mha.gov.in/en/divisionofmha/freedom-fighters-and-rehabilitation-division
national-beekeeping-honey,National Beekeeping and Honey Mission (NBHM),Ministry of Agriculture and Farmers Welfare,,Promotion of scientific beekeeping and honey production,subsidy,,Financial support for bee boxes equipment and training,,,any,,,,,farmer,false,false,false,true,false,false,false,Farmer Registration|Aadhaar Card|Training Proof,central,https://nbb.gov.in/
krishi-kalyan-abhiyan,Krishi Kalyan Abhiyan,Ministry of Agriculture and Farmers Welfare,,Improving farm income in 112 aspirational districts,subsidy,,Distribution of soil health cards mini-kits and training,,,any,,,,,farmer,false,false,false,true,false,false,false,Farmer ID|Aadhaar Card|Mandi Proof,central,https://agriwelfare.gov.in/
pm-matsya-kisan,""PM Matsya Kisan Samridhi Sah-Yojana"",Ministry of Fisheries Animal Husbandry and Dairying,,Formalization of the unorganized fisheries sector,other,,Registration of fishers and insurance coverage support,18,,any,,,,,false,false,false,false,false,false,false,Fisher ID|Aadhaar Card|Bank Details,central,https://pmmsy.dof.gov.in/
integrated-child-development,""Integrated Child Development Services (ICDS)"",Ministry of Women and Child Development,,Providing nutritional and educational support to children and mothers,healthcare,,Supplementary nutrition preschool education and healthcare,0,6,any,,,,,false,false,true,false,false,false,false,Birth Certificate|Aadhaar Card of Parent,central,https://wcd.nic.in/schemes/icds
shakti-vatsalya,Mission Vatsalya,Ministry of Women and Child Development,,Child protection and welfare services for children in distress,other,,Institutional and non-institutional support for children,0,18,any,,,,,false,false,true,false,false,false,false,Aadhaar Card|Birth Certificate,central,https://wcd.nic.in/mission-vatsalya
mission-shakti,Mission Shakti,Ministry of Women and Child Development,,Integrated women empowerment program including Sambal and Samarthya,other,,Support for safety security and empowerment of women,18,,female,,,,,false,false,false,false,false,false,false,Aadhaar Card|Residence Proof,central,https://wcd.nic.in/mission-shakti
pm-ajay,""Pradhan Mantri Anusuchit Jaati Abhyuday Yojana"",Ministry of Social Justice and Empowerment,,Socio-economic development of Scheduled Castes,other,,Infrastructure development and income generation for SC families,,,any,,,,,false,false,false,false,false,false,false,SC Certificate|Aadhaar Card|Income Proof,central,https://socialjustice.gov.in/
pm-pranam,""PM PRANAM (Restoration of Earth)"",Ministry of Chemicals and Fertilizers,Department of Fertilizers,Promotion of alternative fertilizers and balanced use of chemical fertilizers,subsidy,,Grants to states for promotion of bio-fertilizers,,,any,,,,,farmer,false,false,false,true,false,false,false,N/A - State Incentive,central,https://fert.nic.in/
pm-devine,""PM-DevINE (North East)"",Ministry of Development of North Eastern Region,,Infrastructure and social development projects in North East India,other,,Funding for projects based on felt needs of the region,,,any,,,,,false,false,false,false,false,false,false,N/A - Regional Scheme,central,https://mdoner.gov.in/
gram-ujala-scheme,Gram Ujala Scheme,Ministry of Power,CESL,Providing high quality LED bulbs at affordable prices in rural areas,subsidy,10,""LED bulbs for INR 10 each in exchange for incandescent bulbs"",,,any,,,,,false,false,false,false,false,false,false,Aadhaar Card|Old Bulbs,central,https://powermin.gov.in/
ujala-yojana,UJALA Scheme,Ministry of Power,EESL,Distribution of LED bulbs tubes and fans at subsidized rates,subsidy,70,Energy efficient appliances at lower than market rates,,,any,,,,,false,false,false,false,false,false,false,Electricity Bill|Aadhaar Card,central,https://www.ujala.gov.in/
pm-kusum,PM-KUSUM Scheme,Ministry of New and Renewable Energy,,Providing solar pumps and grid connected solar power to farmers,subsidy,,60% subsidy for solar pumps and income from surplus power,18,,any,,,,,farmer,false,false,false,true,false,false,false,Land Records|Aadhaar Card|Bank Details,central,https://pmkusum.mnre.gov.in/
saubhagya-yojana,Pradhan Mantri Sahaj Bijli Har Ghar Yojana,Ministry of Power,,Providing electricity connections to all un-electrified households,other,,Free electricity connections to BPL families,,,any,,BPL,,,false,false,false,false,false,true,false,Ration Card|Aadhaar Card|Voter ID,central,https://saubhagya.gov.in/
pm-janman,""Pradhan Mantri Janjati Adivasi Nyaya Maha Abhiyan"",Ministry of Tribal Affairs,,Welfare of Particularly Vulnerable Tribal Groups (PVTGs),other,,Housing education health and livelihood saturation for PVTGs,,,any,,,,,false,false,false,false,false,false,false,ST Certificate|Aadhaar Card,central,https://tribal.nic.in/
atal-bhujal-yojana,Atal Bhujal Yojana (ABY),Ministry of Jal Shakti,Department of Water Resources,Sustainable groundwater management through community participation,other,,Community-led water security plans and efficient irrigation,,,any,,,,,farmer,false,false,false,true,false,false,false,N/A - Community Scheme,central,https://ataljal.mowr.gov.in/
namami-gange,Namami Gange Programme,Ministry of Jal Shakti,National Mission for Clean Ganga,Integrated conservation mission for river Ganga,other,,Sewerage treatment river-front development and biodiversity conservation,,,any,,,,,false,false,false,false,false,false,false,N/A - Environmental Scheme,central,https://nmcg.nic.in/
digital-india-mission,Digital India Mission,Ministry of Electronics and Information Technology,,Transforming India into a digitally empowered society and knowledge economy,other,,Access to digital services infrastructure and literacy,,,any,,,,,false,false,false,false,false,false,false,N/A - Digital Framework,central,https://www.digitalindia.gov.in/
gold-monetization-scheme,Gold Monetization Scheme,Ministry of Finance,Department of Economic Affairs,Mobilizing idle gold held by households and institutions,other,,Interest on gold deposits (2.25% to 2.50%) and tax benefits,18,,any,,,,,false,false,false,false,false,false,false,Aadhaar Card|PAN Card|Gold Quality Certificate,central,https://www.rbi.org.in/scripts/BS_ViewMasCirculardetails.aspx?id=9995
sovereign-gold-bond,Sovereign Gold Bond Scheme,Ministry of Finance,Department of Economic Affairs,Government securities denominated in grams of gold as alternative to physical gold,other,,Interest of 2.5% per annum and capital gains tax exemption,18,,any,,,,,false,false,false,false,false,false,false,Aadhaar Card|PAN Card|Bank Account,central,https://www.rbi.org.in/scripts/BS_ViewMasCirculardetails.aspx?id=12114
pm-svanidhi-loan,PM SVANidhi (Loan),Ministry of Housing and Urban Affairs,,Micro-credit facility for street vendors,loan,50000,Interest subsidy of 7% per annum on timely repayment,18,,any,,,,,false,false,false,false,false,false,false,Vending Certificate|Aadhaar Card|Voter ID,central,https://pmsvanidhi.mohua.gov.in/
pm-usp-special-scholarship,PM-USP Special Scholarship for J&K and Ladakh,Ministry of Education,AICTE,Scholarships for students of J&K and Ladakh for studies outside the region,scholarship,300000,""Full tuition fee and maintenance allowance up to 3 Lakh"",18,25,any,800000,,,,false,false,true,false,false,false,false,Domicile Certificate|Income Certificate|Marksheet|Aadhaar,central,https://www.aicte-india.org/pmsss
swayam-courses,SWAYAM Online Courses,Ministry of Education,,Online education platform for various courses from school to PG,other,,Free access to high quality video lectures and e-content,13,,any,,,,,false,false,true,false,false,false,false,N/A - Enrollment Based,central,https://swayam.gov.in/
diksha-portal,DIKSHA Portal,Ministry of Education,,Digital infrastructure for knowledge sharing among teachers and students,other,,Free access to QR-coded textbooks and digital learning material,6,,any,,,,,false,false,true,false,false,false,false,N/A - Open Access,central,https://diksha.gov.in/
pension-for-disabled-delhi,Financial Assistance for Disability (Delhi),Delhi Government,Social Welfare Department,Monthly aid to persons with disabilities in Delhi,pension,30000,Monthly assistance of INR 2500 for those with 40% or more disability,,,any,100000,,,,true,false,false,false,false,false,false,Disability Certificate|Residence Proof|Aadhaar Card,state,https://edistrict.delhigovt.nic.in/
pension-for-widow-delhi,Financial Assistance for Widows (Delhi),Delhi Government,Department of Women and Child Development,Financial aid for widows in distress,pension,30000,Monthly allowance of INR 2500 for widows and destitute women,18,,female,100000,,,,false,true,false,false,false,false,false,Death Certificate of Husband|Income Certificate|Aadhaar Card,state,https://edistrict.delhigovt.nic.in/
up-shramik-cyclone-yojana,UP Bicycle Sahayata Yojana,Uttar Pradesh Government,Labour Department,Financial aid for construction workers to purchase cycles,subsidy,3000,One-time subsidy of INR 3000 for purchasing a cycle,18,60,any,,,,,false,false,false,false,false,false,false,Labour Card|Aadhaar Card|Bank Passbook,state,https://upbocw.in/
up-shramik-midday-meal,UP Shramik Mid Day Meal,Uttar Pradesh Government,Labour Department,Nutritious meals for construction workers at worksites,healthcare,,Meals provided at INR 5 per plate at selected worksites,,,any,,,,,false,false,false,false,false,false,false,Labour Card|Aadhaar Card,state,https://upbocw.in/
kerala-vijayamritham,Vijayamritham Scheme,Kerala Government,Social Justice Department,Cash award for disabled students who secured high marks,scholarship,10000,One-time cash prize of INR 8000 to 10000 for academic excellence,18,,any,,,,,true,false,true,false,false,false,false,Disability Certificate|Marksheet|Aadhaar Card,state,https://swd.kerala.gov.in/
kerala-sahaya-hastham,Sahaya Hastham (Single Women),Kerala Government,Social Justice Department,Financial assistance to single women/unmarried women above 50,subsidy,12000,One-time financial aid of INR 10000 to 12000,50,65,female,,BPL,,,false,false,false,false,false,true,false,BPL Card|Unmarried Certificate|Aadhaar Card,state,https://swd.kerala.gov.in/
pension-for-widow-punjab,Widow Pension (Punjab),Punjab Government,Social Security and Women and Child Development,Social security for widows in Punjab,pension,18000,Monthly pension of INR 1500,18,,female,60000,,,,false,true,false,false,false,false,false,Death Certificate of Husband|Income Certificate|Aadhaar Card,state,https://sswcd.punjab.gov.in/
pension-for-disabled-punjab,Disabled Pension (Punjab),Punjab Government,Social Security and Women and Child Development,Assistance to persons with disabilities in Punjab,pension,18000,Monthly pension of INR 1500 for those with 40% or more disability,,,any,60000,,,,true,false,false,false,false,false,false,Disability Certificate|Income Certificate|Aadhaar Card,state,https://sswcd.punjab.gov.in/
up-kanya-vidya-dhan,Kanya Vidya Dhan Yojana,Uttar Pradesh Government,Education Department,Scholarship for meritorious girl students from poor families,scholarship,30000,One-time scholarship of INR 30000 for pursuing higher education,17,19,female,46080,,,,false,false,true,false,false,false,false,12th Marksheet|Income Certificate|Aadhaar Card,state,https://up.gov.in/
mukhyamantri-kanya-vivah-cg,Mukhyamantri Kanya Vivah Yojana (CG),Chhattisgarh Government,Women and Child Development,Financial aid for marriage of girls from poor families,subsidy,50000,""One-time aid of 50000 including household gifts"",18,,female,,BPL,,,false,false,false,false,false,true,false,Aadhaar Card|BPL Card|Marriage Invitation,state,https://cgstate.gov.in/
pension-old-age-bihar,Mukhyamantri Vridhjan Pension Yojana,Bihar Government,Social Welfare Department,Monthly pension for all senior citizens above 60 years,pension,6000,Monthly pension of INR 400 for age 60-79 and 500 for age 80+,60,,any,,,,,false,false,false,false,true,false,false,Age Proof|Aadhaar Card|Bank Details,state,https://sspmis.bihar.gov.in/
pension-widow-bihar,Laxmi Bai Social Security Pension,Bihar Government,Social Welfare Department,Pension for widows in Bihar,pension,4800,Monthly pension of INR 400 for widows above 18 years,18,,female,60000,BPL,,,false,true,false,false,false,true,false,Death Certificate of Husband|BPL Card|Aadhaar Card,state,https://socialwelfare.bihar.gov.in/
parivarik-labh-up,National Family Benefit Scheme (UP),Uttar Pradesh Government,Social Welfare Department,Financial help on the death of the primary breadwinner,subsidy,30000,One-time assistance of INR 30000 to the bereaved family,18,60,any,56460,BPL,,,false,false,false,false,false,true,false,Death Certificate|Income Certificate|Aadhaar Card,state,https://nfbs.upsdc.gov.in/
pension-to-destitute-up,Pati ki Mrityuoparant Nirashrit Mahila Pension,Uttar Pradesh Government,,Pension for women whose husbands have died,pension,12000,Monthly pension of INR 1000 for destitute widows,18,,female,200000,,,,false,true,false,false,false,false,false,Death Certificate of Husband|Aadhaar Card|Income Certificate,state,https://sspy-up.gov.in/
up-viklang-shadi-hetu,UP Viklang Shadi Protsahan,Uttar Pradesh Government,Divyangjan Sashaktikaran Department,Incentive for marriage of persons with disabilities,subsidy,35000,Financial incentive for marriage of disabled persons,18,45,any,,,,,true,false,false,false,false,false,false,Disability Certificate|Marriage Certificate|Aadhaar Card,state,https://uphq.up.nic.in/
telangana-asara-old-age,Asara Pension (Old Age),Telangana Government,,Pension for elderly residents of Telangana,pension,24192,Monthly pension of INR 2016 for those above 57 years,57,,any,,BPL,,,false,false,false,false,true,true,false,Aadhaar Card|Age Proof|Ration Card,state,https://www.aasara.telangana.gov.in/
telangana-asara-widow,Asara Pension (Widow),Telangana Government,,Monthly financial aid to widows in Telangana,pension,24192,Monthly pension of INR 2016 for widows,18,,female,,BPL,,,false,true,false,false,false,true,false,Death Certificate of Husband|Aadhaar Card|Ration Card,state,https://www.aasara.telangana.gov.in/
ap-cheyutha,YSR Cheyutha Scheme,Andhra Pradesh Government,,Financial assistance to women from SC/ST/BC/Minority communities,subsidy,75000,""INR 75000 over 4 years (18750 per year) for livelihood"",45,60,female,,BPL|SC|ST|OBC|Minority,,,false,false,false,false,false,true,false,Caste Certificate|Aadhaar Card|Ration Card,state,https://navasakam.ap.gov.in/
ap-kapu-nestham,YSR Kapu Nestham,Andhra Pradesh Government,,Financial assistance to Kapu women for livelihood,subsidy,75000,""INR 15000 per year for 5 years for women from Kapu community"",45,60,female,,BPL,,,false,false,false,false,false,true,false,Caste Certificate|Aadhaar Card|Ration Card,state,https://navasakam.ap.gov.in/
ap-netanna-nestham,YSR Netanna Nestham,Andhra Pradesh Government,,Financial aid to handloom weaver families,subsidy,24000,Annual financial assistance of INR 24000 to every weaver family,18,,any,,BPL,,,false,false,false,false,false,true,false,Weaver ID|Aadhaar Card|Bank Account,state,https://navasakam.ap.gov.in/
pension-for-disabled-kerala,Indira Gandhi National Disability Pension (Kerala),Kerala Government,,Pension for persons with more than 80% disability,pension,19200,Monthly pension of INR 1600,18,,any,,BPL,,,true,false,false,false,false,true,false,Disability Certificate|BPL Card|Aadhaar Card,state,https://socialsecuritypension.kerala.gov.in/
pension-old-age-tn,Old Age Pension (Tamil Nadu),Tamil Nadu Government,Social Security Schemes,Financial support for senior citizens in Tamil Nadu,pension,12000,Monthly pension of INR 1000 for those above 60 years,60,,any,,BPL,,,false,false,false,false,true,true,false,Age Proof|Aadhaar Card|Ration Card,state,https://edistricts.tn.gov.in/
pension-widow-tn,Widow Pension (Tamil Nadu),Tamil Nadu Government,Social Security Schemes,Financial help for widows in Tamil Nadu,pension,12000,Monthly pension of INR 1000 for widows,18,,female,,BPL,,,false,true,false,false,false,true,false,Death Certificate of Husband|Aadhaar Card|Ration Card,state,https://edistricts.tn.gov.in/
pension-disabled-tn,Disabled Pension (Tamil Nadu),Tamil Nadu Government,Social Security Schemes,Assistance for persons with disabilities in Tamil Nadu,pension,12000,Monthly pension of INR 1000 for those with 40% or more disability,,,any,,BPL,,,true,false,false,false,false,true,false,Disability Certificate|Aadhaar Card|Ration Card,state,https://edistricts.tn.gov.in/
swavalamban-card-odisha,Bhim Bhoi Bhinnaksyama Samarthya Abhiyan,Odisha Government,,Identification and assistance to persons with disabilities,other,,Distribution of aids appliances and disability certificates,,,any,,,,,true,false,false,false,false,false,false,Medical Documents|Aadhaar Card|Photograph,state,https://ssepd.gov.in/
mukhya-mantri-sikho-kamao,Mukhya Mantri Sikho Kamao Yojana,Madhya Pradesh Government,,Skill training and internship for unemployed youth,employment,120000,""Monthly stipend of 8000 to 10000 during training"",18,29,any,,,,,false,false,true,false,false,false,false,Marksheet|Aadhaar Card|Samagra ID,state,https://mmsky.mp.gov.in/
up-mukhyamantri-kanya-vivah,UP Mukhyamantri Kanya Vivah Yojana,Uttar Pradesh Government,Social Welfare Department,Mass marriage scheme for daughters of poor families,subsidy,51000,""Direct assistance of 35000 for the girl and 10000 for materials"",18,,female,,BPL,,,false,false,false,false,false,true,false,Aadhaar Card|BPL Card|Marriage Card,state,https://shadianudan.upsdc.gov.in/
mukhya-mantri-kalakar,Mukhya Mantri Kalakar Sahayata Yojana,Odisha Government,Culture Department,Financial assistance for elderly and indigent artists,pension,14400,Monthly pension of INR 1200 for artists,60,,any,,,,,false,false,false,false,true,false,false,Artist Certificate|Age Proof|Aadhaar Card,state,https://culture.odisha.gov.in/
up-nirmata-shramik-chikitsa,UP Nirmata Shramik Chikitsa Sahayata,Uttar Pradesh Government,Labour Department,Medical assistance for construction workers and their families,healthcare,3000,Annual medical assistance of INR 3000 to registered workers,18,60,any,,,,,false,false,false,false,false,false,false,Labour Card|Aadhaar Card|Bank Passbook,state,https://upbocw.in/
up-matritva-shishu-hitlabh,UP Matritva Shishu evam Balika Madad,Uttar Pradesh Government,Labour Department,Financial assistance for pregnant workers and newborn girls,subsidy,25000,""Lump sum for birth of girl (25k) or boy (20k) to registered workers"",18,45,female,,,,,false,false,false,false,false,false,false,Labour Card|Birth Certificate|Aadhaar Card,state,https://upbocw.in/
kerala-aswasakiranam,Aswasakiranam Scheme,Kerala Government,Social Justice Department,Financial assistance to caregivers of bedridden patients,subsidy,7200,Monthly assistance of INR 600 to caregivers,18,,any,,BPL,,,false,false,false,false,false,true,false,Medical Certificate of Patient|Aadhaar Card|Bank Passbook,state,https://swd.kerala.gov.in/
kerala-snehasparsham,Snehasparsham Scheme,Kerala Government,Social Justice Department,Financial assistance for unwed mothers from tribal/vulnerable groups,subsidy,24000,Monthly assistance of INR 2000 for unwed mothers,18,,female,,BPL,,,false,false,false,false,false,true,false,BPL Card|Community Certificate|Aadhaar Card,state,https://swd.kerala.gov.in/
up-gopalan-yojana,UP Mukhyamantri Destitute Cow Participation,Uttar Pradesh Government,Animal Husbandry Department,Financial support for farmers taking care of stray cattle,subsidy,10800,Assistance of INR 30 per day (900 per month) per cow,18,,any,,,,,farmer,false,false,false,true,false,false,false,Bank Account|Aadhaar Card|Cow Tagging Proof,state,https://up.gov.in/
punjab-mai-bhago-shakti,Mai Bhago Istri Shakti (Punjab),Punjab Government,Department of Cooperation,Women empowerment through cooperative societies,loan,50000,Interest-free loans for micro-enterprises to women groups,18,,female,,,,,false,false,false,false,false,false,false,Group ID|Aadhaar Card|Bank Account,state,https://punjab.gov.in/
pension-for-divyang-bihar,Bihar Rajya Nishakta Pension,Bihar Government,,Pension for persons with more than 40% disability,pension,4800,Monthly pension of INR 400,1,,any,,BPL,,,true,false,false,false,false,true,false,Disability Certificate|Aadhaar Card|BPL Card,state,https://sspmis.bihar.gov.in/
mukhya-mantri-shilp-anudan,Mukhya Mantri Shilp Sahayata Anudan,Bihar Government,,Subsidy for tools to artisans in Bihar,subsidy,20000,Direct cash for tools to traditional artisans,18,60,any,,,,,false,false,false,false,false,false,false,Artisan ID|Aadhaar Card|Income Proof,state,https://industries.bih.nic.in/
up-vishwakarma-shram-samman,Vishwakarma Shram Samman Yojana,Uttar Pradesh Government,Department of MSME,Training and toolkit for traditional artisans,other,20000,Free 6-day training and toolkit worth up to 20000,18,,any,,,,,false,false,false,false,false,false,false,Artisan Proof|Aadhaar Card|Bank Passbook,state,https://diupmsme.upsdc.gov.in/
up-one-district-one-product,ODOP Margin Money Scheme,Uttar Pradesh Government,Department of MSME,Subsidy for entrepreneurs in the ODOP sector,subsidy,2000000,""Margin money subsidy of 25% (up to 20 Lakh) of project cost"",18,,any,,,,,false,false,false,false,false,false,false,Project Report|Aadhaar Card|PAN Card|Bank Account,state,https://odopup.in/
up-skill-development-mission,UP Skill Development Mission (UPSDM),Uttar Pradesh Government,Department of Vocational Education and Skill Development,Employment linked skill training for youth,employment,,Free skill training and placement support in multiple sectors,14,35,any,,,,,false,false,false,false,false,false,false,Educational Proof|Aadhaar Card|Photograph,state,https://upsdm.gov.in/
ladli-behna-awaas,Ladli Behna Awaas Yojana,Madhya Pradesh Government,Department of Rural Development,Housing for women who were left out of PMAY,housing,120000,Financial assistance for construction of pucca houses,21,60,female,,BPL,,,false,false,false,false,false,true,false,Aadhaar Card|Samagra ID|BPL ID,state,https://cmladlibehna.mp.gov.in/
pension-vridha-mp,MP Old Age Pension Scheme,Madhya Pradesh Government,Social Justice Department,Financial aid for senior citizens in MP,pension,7200,Monthly pension of INR 600,60,,any,,BPL,,,false,false,false,false,true,true,false,Age Proof|Aadhaar Card|BPL Card,state,https://socialjustice.mp.gov.in/
pension-widow-mp,MP Widow Pension Scheme,Madhya Pradesh Government,Social Justice Department,Monthly financial aid for widows in MP,pension,7200,Monthly pension of INR 600,18,,female,,BPL,,,false,true,false,false,false,true,false,Death Certificate of Husband|Aadhaar Card|BPL Card,state,https://socialjustice.mp.gov.in/
pension-disabled-mp,MP Disability Pension Scheme,Madhya Pradesh Government,Social Justice Department,Assistance for disabled residents of MP,pension,7200,Monthly pension of INR 600 for 40%+ disability,6,,any,,BPL,,,true,false,false,false,false,true,false,Disability Certificate|Aadhaar Card|BPL Card,state,https://socialjustice.mp.gov.in/
gruha-lakshmi-scheme-kar,Gruha Lakshmi Scheme (Karnataka),Karnataka Government,Women and Child Development,Monthly assistance to woman head of the family,subsidy,24000,Monthly financial assistance of INR 2000,18,,female,,BPL|LIG,,,false,false,false,false,false,true,false,Ration Card|Aadhaar Card|Bank Passbook,state,https://sevasindhugs.karnataka.gov.in/
shakti-free-travel-kar,Shakti Scheme (Free Bus Travel),Karnataka Government,Transport Department,Free travel for women in state road transport buses,other,,Free travel across Karnataka in non-luxury state buses,,,female,,,,,false,false,false,false,false,false,false,Shakti Smart Card|Aadhaar Card,state,https://sevasindhu.karnataka.gov.in/
yuva-nidhi-scheme-kar,Yuva Nidhi Scheme,Karnataka Government,Higher Education Department,Unemployment allowance for graduates and diploma holders,subsidy,36000,""Monthly allowance of 3000 for graduates and 1500 for diploma holders"",18,28,any,,,,,false,false,true,false,false,false,false,Degree Certificate|Marksheet|Aadhaar Card|Employment Bank ID,state,https://sevasindhugs.karnataka.gov.in/
anna-bhagya-scheme,Anna Bhagya Scheme,Karnataka Government,Food and Civil Supplies,Provision of rice or cash in lieu of rice to BPL families,subsidy,,5 kg rice and cash of INR 170 per person per month,,,any,,BPL|AAY,,,false,false,false,false,false,true,false,Ration Card|Aadhaar Card|Bank Passbook,state,https://ahara.kar.nic.in/
mukhya-mantri-vridhjan-bihar,Mukhyamantri Vridhjan Pension (Bihar),Bihar Government,Social Welfare Department,Universal pension for all senior citizens above 60,pension,4800,Monthly pension of INR 400 (60-79 years) and INR 500 (80+ years),60,,any,,,,,false,false,false,false,true,false,false,Age Proof|Aadhaar Card|Bank Passbook,state,https://sspmis.bihar.gov.in/
mukhya-mantri-kanya-vivah-mp,Mukhyamantri Kanya Vivah Yojana (MP),Madhya Pradesh Government,Social Justice Department,Financial help for mass marriages,subsidy,51000,""INR 49000 as aid and 2000 for mass marriage expenses"",18,,female,,BPL,,,false,false,false,false,false,true,false,Samagra ID|Aadhaar Card|Marriage Card,state,https://socialjustice.mp.gov.in/
yashaswini-kar,Yashaswini Health Insurance,Karnataka Government,Department of Cooperation,Health scheme for members of cooperative societies,healthcare,500000,Cashless medical services in network hospitals,,,any,,,,,false,false,false,false,false,false,false,Cooperative Society ID|Aadhaar Card,state,https://sahakara.kar.gov.in/
bhagya-jyothi-kar,Bhagya Jyothi Scheme,Karnataka Government,,Providing electricity connections to rural poor households,other,,Free electricity connections and monthly 40 units free,,,any,,BPL,,,false,false,false,false,false,true,false,BPL Card|Aadhaar Card,state,https://bescom.karnataka.gov.in/
mukhyamantri-kisan-sahay-gu,Mukhyamantri Kisan Sahay Yojana (Gujarat),Gujarat Government,Department of Agriculture,Crop assistance to farmers for natural calamities,subsidy,,Compensation of 20000 to 25000 per hectare for crop loss,18,,any,,,,,farmer,false,false,false,true,false,false,false,Land Records|Aadhaar Card|Farmer ID,state,https://ikhedut.gujarat.gov.in/
mukhya-mantri-maitri-sikkim,Mukhyamantri Maitri Yojana (Sikkim),Sikkim Government,,Assistance for single and unmarried women,subsidy,24000,Monthly financial assistance of INR 2000,18,,female,,BPL,,,false,false,false,false,false,true,false,BPL Card|Unmarried Certificate|Aadhaar Card,state,https://sikkim.gov.in/
pension-for-disabled-assam,Deen Dayal Divyangjan Sahajya Scheme,Assam Government,Social Welfare Department,Assistance to persons with disabilities,pension,12000,Monthly pension of INR 1000,1,,any,,BPL,,,true,false,false,false,false,true,false,Disability Certificate|Aadhaar Card|BPL Card,state,https://socialwelfare.assam.gov.in/
pension-for-widow-assam,Indira Miri Universal Widow Pension,Assam Government,Social Welfare Department,Lump sum and monthly pension for widows,pension,25000,""One-time grant of 25000 and monthly pension of 300"",18,,female,,,,,false,true,false,false,false,false,false,Death Certificate of Husband|Aadhaar Card|Bank Passbook,state,https://socialwelfare.assam.gov.in/
mukhyamantri-paryatan-sahayata,Mukhyamantri Paryatan Sahayata Yojana (UP),Uttar Pradesh Government,Tourism Department,Financial help for developing home-stays and tourism units,subsidy,1000000,Interest subsidy on loans for tourism infrastructure projects,18,,any,,,,,false,false,false,false,false,false,false,Project Plan|Aadhaar Card|Land Details,state,https://uptourism.gov.in/
pension-old-age-wb,Old Age Pension (West Bengal),West Bengal Government,Social Welfare Department,Financial assistance to elderly citizens in West Bengal,pension,12000,Monthly pension of INR 1000,60,,any,,BPL,,,false,false,false,false,true,true,false,Age Proof|Aadhaar Card|Ration Card,state,https://wb.gov.in/
pension-widow-wb,Widow Pension (West Bengal),West Bengal Government,Social Welfare Department,Financial aid for widows in West Bengal,pension,12000,Monthly pension of INR 1000,18,,female,,BPL,,,false,true,false,false,false,true,false,Death Certificate of Husband|Aadhaar Card|Ration Card,state,https://wb.gov.in/
pension-disabled-wb,Disabled Pension (West Bengal),West Bengal Government,Social Welfare Department,Assistance for persons with disabilities in West Bengal,pension,12000,Monthly pension of INR 1000 for 40%+ disability,,,any,,BPL,,,true,false,false,false,false,true,false,Disability Certificate|Aadhaar Card|Ration Card,state,https://wb.gov.in/
mukhya-mantri-shiksha-protsahan,Mukhya Mantri Shiksha Protsahan (Bihar),Bihar Government,,Scholarships for higher secondary students from poor families,scholarship,10000,One-time scholarship for girls passing 10th/12th exams,15,18,female,,BPL,,,false,false,true,false,false,true,false,Marksheet|Aadhaar Card|Ration Card,state,https://edudbt.bih.nic.in/
up-kanya-sumangala-plus,Kanya Sumangala Scheme Phase 2,Uttar Pradesh Government,,Revised higher financial assistance for girl children in UP,subsidy,25000,""Revised benefit of 25000 total across 6 stages from 2024"",0,18,female,300000,,,,false,false,true,false,false,false,false,Birth Certificate|Aadhaar Card|Income Proof,state,https://mksy.up.gov.in/
up-vivah-hetu-anudan-plus,UP Shadi Anudan Revised,Uttar Pradesh Government,,Revised higher grants for marriage of girls in UP,subsidy,20000,One-time marriage grant of INR 20000,18,,female,46080,,,,false,false,false,false,false,false,false,Marriage Invitation|Aadhaar Card|Caste Certificate,state,https://shadianudan.upsdc.gov.in/
ladli-social-security-plus,Ladli Social Security Haryana Revised,Haryana Government,,Increased pension for parents with only girl children,pension,36000,Revised monthly pension of INR 3000 from 2024,45,60,any,200000,,,,false,false,false,false,false,false,false,Age Proof|Aadhaar Card|Residence Proof,state,https://socialjusticehry.gov.in/
pension-vridha-odisha-revised,Madhu Babu Pension Revised,Odisha Government,,Increased pension amount for senior citizens in Odisha,pension,14400,Revised monthly pension of INR 1200 for those above 80 years,60,,any,,BPL,,,false,false,false,false,true,true,false,Age Proof|Aadhaar Card|Ration Card,state,https://ssepd.gov.in/
pension-divyang-odisha-revised,Madhu Babu Disability Revised,Odisha Government,,Increased pension for disabled persons in Odisha,pension,12000,Revised monthly pension of INR 1000 for disabled,5,,any,,BPL,,,true,false,false,false,false,true,false,Disability Certificate|Aadhaar Card|Ration Card,state,https://ssepd.gov.in/
telangana-cheyutha-pension,Telangana Cheyutha Pension (Health),Telangana Government,,Special pension for persons with chronic health issues,pension,48000,Monthly pension of INR 4000 for dialysis and cancer patients,,,any,,BPL,,,false,false,false,false,false,true,false,Medical Reports|Aadhaar Card|Ration Card,state,https://www.aasara.telangana.gov.in/
pension-transgender-wb,Transgender Pension (West Bengal),West Bengal Government,,Social security for transgender persons in West Bengal,pension,12000,Monthly pension of INR 1000 for transgender persons,,,any,,BPL,,,false,false,false,false,false,true,false,Transgender Card|Aadhaar Card|Ration Card,state,https://wb.gov.in/
pension-farmer-tn,Old Age Pension for Farmers (TN),Tamil Nadu Government,Agriculture Department,Pension for elderly farmers who are destitute,pension,12000,Monthly pension of INR 1000,60,,any,,BPL,,,false,false,false,true,true,true,false,Farmer ID|Aadhaar Card|Age Proof,state,https://tnagrisnet.tn.gov.in/
up-mukhyamantri-yuva-swarozgar,UP Yuva Swarozgar Yojana,Uttar Pradesh Government,Department of Industries,Providing financial help to youth to start business units,loan,2500000,Loan up to 25 Lakh with margin money subsidy of 25%,18,40,any,,,,,false,false,false,false,false,false,false,Educational Proof|Aadhaar Card|Business Plan,state,https://diupmsme.upsdc.gov.in/
up-vishwakarma-toolkit,UP Vishwakarma Toolkit Distribution,Uttar Pradesh Government,,Free toolkits for traditional artisans following training,other,15000,Advanced toolkit relevant to the artisan's trade like carpentry/tailoring,18,,any,,,,,false,false,false,false,false,false,false,Artisan ID|Training Certificate|Aadhaar Card,state,https://diupmsme.upsdc.gov.in/